DATA ATUALIZACAO,Ticker,Ativo permanente,Capex,Capital de giro,Capital investido (medio),Despesas operacionais,Dívida Líquida,Dividendos,EBIT ajustado,EBITDA ajustado,FCFE,Lucro bruto,Lucro líquido ajustado,Net debt/EBITDA,Patrimônio líquido,Receita líquida,Resultado financeiro,Ano Referência
9/19/2024,EQTL3,,7884.68,,,,39784.6,0.0,,9522.0,,,1579.76,4.18,,,,2023
9/19/2024,EQTL3,,7163.24,,,,41337.4,531.42,,11026.46,,,2750.63,3.75,,,,2024
9/19/2024,EQTL3,,6838.86,,,,42919.03,640.06,,12453.25,,,3205.46,3.45,,,,2025
9/19/2024,EQTL3,,6947.25,,,,44537.21,1083.31,,13432.3,,,3640.06,3.32,,,,2026
9/19/2024,GGPS3,3164.0,111.6,3045.0,4207.63,,,176.0,1139.44,1230.65,21.46,,631.26,,2988.0,10632.0,-222.5,2023
9/19/2024,GGPS3,4889.19,1614.05,3843.54,5548.58,,,169.9,1058.1,1454.16,-846.05,,701.09,,3562.81,14142.0,-202.47,2024
9/19/2024,GGPS3,4990.81,596.29,4706.31,6741.75,,,239.69,1448.96,1943.63,413.25,,966.02,,4291.56,17752.76,-238.41,2025
9/19/2024,GGPS3,5386.66,967.99,5319.98,7364.51,,,261.54,1528.65,2100.79,366.38,,1065.01,,5086.75,20532.98,-207.75,2026
9/19/2024,HAPV3,,440.72,3129.22,16617.57,,,0.0,,2935.43,,,345.29,,49093.56,27383.41,-1354.87,2023
9/19/2024,HAPV3,,789.9,3265.4,15616.35,,,138.73,,4180.52,,,1535.12,,49414.61,29103.79,-1006.16,2024
9/19/2024,HAPV3,,1120.0,3605.9,15458.78,,,494.21,,4962.39,,,2119.56,,50321.81,32091.72,-1101.1,2025
9/19/2024,HAPV3,,1200.0,3969.69,15782.2,,,1819.68,,5734.6,,,2905.58,,50941.79,35284.6,-939.13,2026
9/19/2024,RENT3,60967.0,12188.4,-5290.0,55677.0,-2222.4,,619.13,6853.2,10665.4,0.0,12887.8,2476.51,2.79,25398.0,28891.8,-4024.4,2023
9/19/2024,RENT3,63530.0,6954.98,-1255.66,62274.34,-624.6,,624.46,6274.51,12185.84,0.0,3545.0,1948.27,2.9,26651.39,39135.01,-4158.37,2024
9/19/2024,RENT3,69050.06,8590.76,-1964.9,67085.16,-714.2,,1848.75,10344.78,14991.03,0.0,3063.6,3697.5,2.57,28500.14,44944.8,-5690.06,2025
9/19/2024,RENT3,75386.48,9514.08,-2118.76,73528.88,-734.74,,2437.58,12165.78,17058.0,0.0,4256.38,4875.16,2.5,30937.72,50174.24,-5798.77,2026
9/19/2024,RENT3,82313.88,10420.28,-2246.19,80625.57,-777.4,,3787.44,13746.19,19078.99,0.0,4775.36,5826.84,2.5,32977.11,55392.62,-6017.71,2027
9/19/2024,MELI,1285.0,509.0,-1808.0,,,,0.0,1639.0,2347.0,,,987.0,,3071.0,14473.0,-270.0,2023
9/19/2024,MELI,1379.87,664.21,-3693.48,,,,0.0,2808.9,3378.24,,,2002.63,,5073.63,20591.13,-125.0,2024
9/19/2024,MELI,1508.93,711.58,-4095.63,,,,0.0,3918.86,4501.39,,,2948.37,,8022.0,24440.2,176.09,2025
9/19/2024,MELI,1734.45,842.36,-5298.08,,,,0.0,5518.31,6135.15,,,4098.84,,12120.84,31097.84,174.51,2026
9/19/2024,SGML,,87.97,15.16,,,,,,,2.92,,,0.39,,,-11.45,2023
9/19/2024,SGML,,100.59,25.01,,,,,,,-137.11,,,12.51,,,-27.2,2024
9/19/2024,SGML,,50.0,51.93,,,,,,,26.79,,,1.79,,,-27.47,2025
9/19/2024,SGML,,30.0,116.07,,,,,,,67.05,,,0.3,,,-9.26,2026
9/19/2024,RAIL3,,0.0,-330.87,,,,0.0,,,2023.0,,,2.43,,10937.78,-2555.1,2023
9/19/2024,RAIL3,,5823.47,-66.99,,,,0.0,,,2024.0,,,2.01,,13732.7,-2555.02,2024
9/19/2024,RAIL3,,7717.5,-123.01,,,,0.0,,,2025.0,,,2.09,,15025.18,-2978.36,2025
9/19/2024,RAIL3,,6988.99,-119.39,,,,1723.63,,,2026.0,,,2.29,,16187.56,-3031.9,2026
9/19/2024,RAIL3,,7320.62,-118.52,,,,2291.92,,,2027.0,,,2.2,,18437.53,-3284.61,2027
9/19/2024,STNE,10539.8,1210.3,,,,,292.7,,,,,1574.6,,14676.0,12054.9,-3999.4,2023
9/19/2024,STNE,10856.77,1225.05,,,,,236.53,,,,,1972.68,,16327.9,13430.23,-4120.83,2024
9/19/2024,STNE,11214.81,1286.3,,,,,1129.06,,,,,2258.11,,17456.96,16010.49,-6012.27,2025
9/19/2024,STNE,11605.85,1350.62,,,,,1528.39,,,,,3056.79,,18985.35,18327.12,-6597.75,2026
9/19/2024,STNE,12030.31,1418.15,,,,,1865.82,,,,,3731.65,,20851.18,19486.41,-6348.92,2027
9/19/2024,SMFT3,5957.54,1335.52,-189.49,5768.05,,,266.0,,1302.29,,,536.21,1.15,5095.63,4244.74,-145.42,2023
9/19/2024,SMFT3,7440.77,1860.84,-263.83,7176.94,,,207.46,,1751.04,,,530.71,1.55,5419.74,5542.02,-323.83,2024
9/19/2024,SMFT3,8369.26,1914.21,-321.73,8047.53,,,149.75,,2337.01,,,706.7,1.32,5976.69,7063.98,-401.31,2025
9/19/2024,SMFT3,9278.43,2018.11,-376.66,8901.77,,,226.23,,2980.04,,,1054.85,1.04,6805.32,8697.64,-432.99,2026
9/19/2024,RDOR3,,2907.8,9473.63,,,,849.19,,7354.32,,,2322.82,,,52302.78,-1816.5,2023
9/19/2024,RDOR3,,2637.86,10327.52,,,,1026.17,,9164.53,,,3822.19,,,58045.94,-1547.45,2024
9/19/2024,RDOR3,,2467.55,11267.6,,,,1548.15,,11007.32,,,4688.86,,,65847.16,-1621.53,2025
9/19/2024,RDOR3,,2136.13,12766.92,,,,1872.45,,12972.43,,,5706.67,,,75246.4,-1693.08,2026
9/19/2024,CPLE6,,2206.6,,,,,,,5693.45,,,2327.17,,,,-1204.99,2023
9/19/2024,CPLE6,,2356.8,,,,,1136.4,,5680.62,,,2272.79,,,,-1237.72,2024
9/19/2024,CPLE6,,2758.68,,,,,1084.74,,6309.51,,,2169.48,,,,-1956.17,2025
9/19/2024,CPLE6,,1249.56,,,,,2395.36,,7310.25,,,2818.07,,,,-2041.85,2026
9/19/2024,SBSP3,,6397.32,1928.34,,,,0.0,,9512.64,,,3899.6,,29857.38,19971.72,-1592.0,2023
9/19/2024,SBSP3,,5953.0,2026.97,,,,1121.19,,11496.33,,,4896.5,,33509.1,21800.77,-1652.05,2024
9/19/2024,SBSP3,,13710.46,2352.16,,,,1436.36,,13599.42,,,5925.55,,38306.53,22634.03,-2181.1,2025
9/19/2024,SBSP3,,14245.16,2768.69,,,,3482.49,,15868.47,,,7532.64,,42676.94,25049.87,-2357.99,2026
9/19/2024,SBSP3,,14800.72,3237.41,,,,3978.52,,18442.02,,,8616.28,,47647.46,28022.04,-3025.04,2027
9/23/2024,EQTL3,,7884.68,,,,39784.6,0.0,,9522.0,,,1579.76,4.18,,,,2023
9/23/2024,EQTL3,,7163.24,,,,41334.0,531.89,,11026.46,,,2754.44,3.75,,,,2024
9/23/2024,EQTL3,,6838.86,,,,42907.36,641.11,,12453.25,,,3214.55,3.45,,,,2025
9/23/2024,EQTL3,,6947.25,,,,43811.45,1180.1,,13432.3,,,4410.04,3.26,,,,2026
9/23/2024,EQTL3,,7375.8,,,,43977.05,1210.48,,14109.89,,,4660.28,3.12,,,,2027
9/23/2024,GGPS3,3164.0,111.6,3045.0,4207.63,,,176.0,1139.44,1230.65,21.46,,631.26,,2988.0,10632.0,-222.5,2023
9/23/2024,GGPS3,4889.19,1614.05,3843.54,5548.58,,,169.9,1058.1,1454.16,-846.05,,701.09,,3562.81,14142.0,-202.47,2024
9/23/2024,GGPS3,4990.81,596.29,4706.31,6741.75,,,239.69,1448.96,1943.63,413.25,,966.02,,4291.56,17752.76,-238.41,2025
9/23/2024,GGPS3,5386.66,967.99,5319.98,7364.51,,,261.54,1528.65,2100.79,366.38,,1065.01,,5086.75,20532.98,-207.75,2026
9/23/2024,GGPS3,5765.14,1045.43,6200.66,8119.67,,,518.78,1778.87,2445.83,437.68,,1262.8,,5825.62,23935.62,-206.81,2027
9/23/2024,HAPV3,,440.72,3129.22,16617.57,,,0.0,,2935.43,,,345.29,,49093.56,27383.41,-1354.87,2023
9/23/2024,HAPV3,,789.9,3265.4,15616.35,,,138.73,,4180.52,,,1535.12,,49414.61,29103.79,-1006.16,2024
9/23/2024,HAPV3,,1120.0,3605.9,15458.78,,,494.21,,4962.39,,,2119.56,,50321.81,32091.72,-1101.1,2025
9/23/2024,HAPV3,,1200.0,3969.69,15782.2,,,1819.68,,5734.6,,,2905.58,,50941.79,35284.6,-939.13,2026
9/23/2024,HAPV3,,1300.0,4385.99,16989.79,,,2960.6,,6447.48,,,3694.71,,51696.53,38938.52,-689.28,2027
9/23/2024,RENT3,60967.0,12188.4,-5290.0,55677.0,-2222.4,,619.13,6853.2,10665.4,0.0,12887.8,2476.51,2.79,25398.0,28891.8,-4024.4,2023
9/23/2024,RENT3,63530.0,6954.98,-1255.66,62274.34,-624.6,,624.46,6274.51,12185.84,0.0,3545.0,1948.27,2.9,26651.39,39135.01,-4158.37,2024
9/23/2024,RENT3,69050.06,8590.76,-1964.9,67085.16,-714.2,,1848.75,10344.78,14991.03,0.0,3063.6,3697.5,2.57,28500.14,44944.8,-5690.06,2025
9/23/2024,RENT3,75386.48,9514.08,-2118.76,73528.88,-734.74,,2437.58,12165.78,17058.0,0.0,4256.38,4875.16,2.5,30937.72,50174.24,-5798.77,2026
9/23/2024,RENT3,82313.88,10420.28,-2246.19,80625.57,-777.4,,3787.44,13746.19,19078.99,0.0,4775.36,5826.84,2.5,32977.11,55392.62,-6017.71,2027
9/23/2024,MELI,1285.0,509.0,-1808.0,,,,0.0,1639.0,2347.0,,,987.0,,3071.0,14473.0,-270.0,2023
9/23/2024,MELI,1379.87,664.21,-3693.48,,,,0.0,2808.9,3378.24,,,2002.63,,5073.63,20591.13,-125.0,2024
9/23/2024,MELI,1508.93,711.58,-4095.63,,,,0.0,3918.86,4501.39,,,2948.37,,8022.0,24440.2,176.09,2025
9/23/2024,MELI,1734.45,842.36,-5298.08,,,,0.0,5518.31,6135.15,,,4098.84,,12120.84,31097.84,174.51,2026
9/23/2024,MELI,2072.29,990.03,-6501.42,,,,0.0,7189.36,7841.54,,,5430.4,,17551.24,37821.77,352.87,2027
9/23/2024,SGML,,87.97,15.16,,,,,,,2.92,,,0.39,,,-11.45,2023
9/23/2024,SGML,,100.59,25.01,,,,,,,-137.11,,,12.51,,,-27.2,2024
9/23/2024,SGML,,50.0,51.93,,,,,,,26.79,,,1.79,,,-27.47,2025
9/23/2024,SGML,,30.0,116.07,,,,,,,67.05,,,0.3,,,-9.26,2026
9/23/2024,SGML,,67.96,126.95,,,,,,,209.79,,,-0.34,,,-7.85,2027
9/23/2024,RAIL3,,0.0,-330.87,,,,0.0,,,2023.0,,,2.43,,10937.78,-2555.1,2023
9/23/2024,RAIL3,,5825.63,-68.38,,,,0.0,,,2024.0,,,2.01,,13736.71,-2569.78,2024
9/23/2024,RAIL3,,7726.08,-124.24,,,,0.0,,,2025.0,,,2.1,,15029.58,-3036.18,2025
9/23/2024,RAIL3,,7008.17,-120.79,,,,1710.02,,,2026.0,,,2.3,,16192.34,-3041.96,2026
9/23/2024,RAIL3,,7343.81,-120.23,,,,2273.83,,,2027.0,,,2.21,,18442.74,-3296.89,2027
9/23/2024,STNE,10539.8,1210.3,,,,,292.7,,,,,1574.6,,14676.0,12054.9,-3999.4,2023
9/23/2024,STNE,10856.77,1225.05,,,,,236.53,,,,,1972.68,,16327.9,13430.23,-4120.83,2024
9/23/2024,STNE,11214.81,1286.3,,,,,1129.06,,,,,2258.11,,17456.96,16010.49,-6012.27,2025
9/23/2024,STNE,11605.85,1350.62,,,,,1528.39,,,,,3056.79,,18985.35,18327.12,-6597.75,2026
9/23/2024,STNE,12030.31,1418.15,,,,,1865.82,,,,,3731.65,,20851.18,19486.41,-6348.92,2027
9/23/2024,SMFT3,5957.54,1335.52,-189.49,5768.05,,,266.0,,1302.29,,,536.21,1.15,5095.63,4244.74,-145.42,2023
9/23/2024,SMFT3,7440.77,1860.84,-263.83,7176.94,,,207.46,,1751.04,,,530.71,1.55,5419.74,5542.02,-323.83,2024
9/23/2024,SMFT3,8369.26,1914.21,-321.73,8047.53,,,149.75,,2337.01,,,706.7,1.32,5976.69,7063.98,-401.31,2025
9/23/2024,SMFT3,9278.43,2018.11,-376.66,8901.77,,,226.23,,2980.04,,,1054.85,1.04,6805.32,8697.64,-432.99,2026
9/23/2024,SMFT3,9716.55,1652.4,-416.2,9300.34,,,320.07,,3648.42,,,1479.86,0.64,7965.11,10275.03,-400.42,2027
9/23/2024,RDOR3,,2907.8,9473.63,,,,849.19,,7354.32,,,2322.82,,,52302.78,-1816.5,2023
9/23/2024,RDOR3,,2637.86,10327.52,,,,1026.17,,9164.53,,,3822.19,,,58045.94,-1547.45,2024
9/23/2024,RDOR3,,2467.55,11267.6,,,,1548.15,,11007.32,,,4688.86,,,65847.16,-1621.53,2025
9/23/2024,RDOR3,,2136.13,12766.92,,,,1872.45,,12972.43,,,5706.67,,,75246.4,-1693.08,2026
9/23/2024,RDOR3,,2195.93,14197.37,,,,2116.26,,14765.17,,,7077.6,,,85214.14,-1501.52,2027
9/23/2024,CPLE6,,2206.6,,,,,,,5693.45,,,2327.17,,,,-1204.99,2023
9/23/2024,CPLE6,,2356.8,,,,,1127.2,,5640.62,,,2254.41,,,,-1222.24,2024
9/23/2024,CPLE6,,2758.68,,,,,1109.57,,6308.95,,,2219.14,,,,-1889.39,2025
9/23/2024,CPLE6,,1249.56,,,,,2642.62,,7309.66,,,3108.96,,,,-1653.41,2026
9/23/2024,SBSP3,,6397.32,1928.34,,,,0.0,,9512.64,,,3899.6,,29857.38,19971.72,-1592.0,2023
9/23/2024,SBSP3,,5953.0,2026.97,,,,1121.19,,11496.33,,,4896.5,,33509.1,21800.77,-1652.05,2024
9/23/2024,SBSP3,,13710.46,2352.16,,,,1436.36,,13599.42,,,5925.55,,38306.53,22634.03,-2181.1,2025
9/23/2024,SBSP3,,14245.16,2768.69,,,,3482.49,,15868.47,,,7532.64,,42676.94,25049.87,-2357.99,2026
9/23/2024,SBSP3,,14800.72,3237.41,,,,3978.52,,18442.02,,,8616.28,,47647.46,28022.04,-3025.04,2027
9/24/2024,EQTL3,,7884.68,,,,39784.6,0.0,,9522.0,,,1579.76,4.18,,,,2023
9/24/2024,EQTL3,,7163.24,,,,41334.0,531.89,,11026.46,,,2754.44,3.75,,,,2024
9/24/2024,EQTL3,,6838.86,,,,42907.36,641.11,,12453.25,,,3214.55,3.45,,,,2025
9/24/2024,EQTL3,,6947.25,,,,43811.45,1180.1,,13432.3,,,4410.04,3.26,,,,2026
9/24/2024,EQTL3,,7375.8,,,,43977.05,1210.48,,14109.89,,,4660.28,3.12,,,,2027
9/24/2024,GGPS3,3164.0,111.6,3045.0,4207.63,,,176.0,1139.44,1230.65,21.46,,631.26,,2988.0,10632.0,-222.5,2023
9/24/2024,GGPS3,4889.19,1614.05,3843.54,5548.58,,,169.9,1058.1,1454.16,-846.05,,701.09,,3562.81,14142.0,-202.47,2024
9/24/2024,GGPS3,4990.81,596.29,4706.31,6741.75,,,239.69,1448.96,1943.63,413.25,,966.02,,4291.56,17752.76,-238.41,2025
9/24/2024,GGPS3,5386.66,967.99,5319.98,7364.51,,,261.54,1528.65,2100.79,366.38,,1065.01,,5086.75,20532.98,-207.75,2026
9/24/2024,GGPS3,5765.14,1045.43,6200.66,8119.67,,,518.78,1778.87,2445.83,437.68,,1262.8,,5825.62,23935.62,-206.81,2027
9/24/2024,HAPV3,,440.72,3129.22,16617.57,,,0.0,,2935.43,,,345.29,,49093.56,27383.41,-1354.87,2023
9/24/2024,HAPV3,,789.9,3265.4,15616.35,,,138.73,,4180.52,,,1535.12,,49414.61,29103.79,-1006.16,2024
9/24/2024,HAPV3,,1120.0,3605.9,15458.78,,,494.21,,4962.39,,,2119.56,,50321.81,32091.72,-1101.1,2025
9/24/2024,HAPV3,,1200.0,3969.69,15782.2,,,1819.68,,5734.6,,,2905.58,,50941.79,35284.6,-939.13,2026
9/24/2024,HAPV3,,1300.0,4385.99,16989.79,,,2960.6,,6447.48,,,3694.71,,51696.53,38938.52,-689.28,2027
9/24/2024,RENT3,60967.0,12188.4,-5290.0,55677.0,-2222.4,,619.13,6853.2,10665.4,0.0,12887.8,2476.51,2.79,25398.0,28891.8,-4024.4,2023
9/24/2024,RENT3,63537.63,6954.98,-1271.35,62266.28,-624.6,,608.22,6176.0,12079.39,0.0,3545.0,1883.32,2.93,26602.67,38970.23,-4157.96,2024
9/24/2024,RENT3,69064.68,8590.76,-1969.6,67095.08,-714.2,,1840.53,10328.67,14967.64,0.0,3063.6,3681.05,2.58,28443.2,44863.02,-5697.25,2025
9/24/2024,RENT3,75408.43,9514.08,-2123.94,73546.57,-734.74,,2428.45,12148.58,17033.16,0.0,4271.77,4856.9,2.51,30871.65,50084.08,-5807.39,2026
9/24/2024,RENT3,82343.75,10420.28,-2251.9,80650.98,-777.4,,3774.54,13728.29,19052.83,0.0,4801.13,5806.98,2.51,32904.09,55293.22,-6027.69,2027
9/24/2024,MELI,1285.0,509.0,-1808.0,,,,0.0,1639.0,2347.0,,,987.0,,3071.0,14473.0,-270.0,2023
9/24/2024,MELI,1379.87,664.21,-3693.48,,,,0.0,2808.9,3378.24,,,2002.63,,5073.63,20591.13,-125.0,2024
9/24/2024,MELI,1508.93,711.58,-4095.63,,,,0.0,3918.86,4501.39,,,2948.37,,8022.0,24440.2,176.09,2025
9/24/2024,MELI,1734.45,842.36,-5298.08,,,,0.0,5518.31,6135.15,,,4098.84,,12120.84,31097.84,174.51,2026
9/24/2024,MELI,2072.29,990.03,-6501.42,,,,0.0,7189.36,7841.54,,,5430.4,,17551.24,37821.77,352.87,2027
9/24/2024,SGML,,87.97,15.16,,,,,,,2.92,,,0.39,,,-11.45,2023
9/24/2024,SGML,,100.59,25.01,,,,,,,-137.11,,,12.51,,,-27.2,2024
9/24/2024,SGML,,50.0,51.93,,,,,,,26.79,,,1.79,,,-27.47,2025
9/24/2024,SGML,,30.0,116.07,,,,,,,67.05,,,0.3,,,-9.26,2026
9/24/2024,SGML,,67.96,126.95,,,,,,,209.79,,,-0.34,,,-7.85,2027
9/24/2024,RAIL3,,0.0,-330.87,,,,0.0,,,2023.0,,,2.43,,10937.78,-2555.1,2023
9/24/2024,RAIL3,,5825.63,-68.38,,,,0.0,,,2024.0,,,2.01,,13736.71,-2569.78,2024
9/24/2024,RAIL3,,7726.08,-124.24,,,,0.0,,,2025.0,,,2.1,,15029.58,-3036.18,2025
9/24/2024,RAIL3,,7008.17,-120.79,,,,1710.02,,,2026.0,,,2.3,,16192.34,-3041.96,2026
9/24/2024,RAIL3,,7343.81,-120.23,,,,2273.83,,,2027.0,,,2.21,,18442.74,-3296.89,2027
9/24/2024,STNE,10539.8,1210.3,,,,,292.7,,,,,1574.6,,14676.0,12054.9,-3999.4,2023
9/24/2024,STNE,10856.77,1225.05,,,,,236.53,,,,,1972.68,,16327.9,13430.23,-4120.83,2024
9/24/2024,STNE,11214.81,1286.3,,,,,1129.06,,,,,2258.11,,17456.96,16010.49,-6012.27,2025
9/24/2024,STNE,11605.85,1350.62,,,,,1528.39,,,,,3056.79,,18985.35,18327.12,-6597.75,2026
9/24/2024,STNE,12030.31,1418.15,,,,,1865.82,,,,,3731.65,,20851.18,19486.41,-6348.92,2027
9/24/2024,SMFT3,5957.54,1335.52,-189.49,5768.05,,,266.0,,1302.29,,,536.21,1.15,5095.63,4244.74,-145.42,2023
9/24/2024,SMFT3,7440.77,1860.84,-263.83,7176.94,,,207.46,,1751.04,,,530.71,1.55,5419.74,5542.02,-323.83,2024
9/24/2024,SMFT3,8369.26,1914.21,-321.73,8047.53,,,149.75,,2337.01,,,706.7,1.32,5976.69,7063.98,-401.31,2025
9/24/2024,SMFT3,9278.43,2018.11,-376.66,8901.77,,,226.23,,2980.04,,,1054.85,1.04,6805.32,8697.64,-432.99,2026
9/24/2024,SMFT3,9716.55,1652.4,-416.2,9300.34,,,320.07,,3648.42,,,1479.86,0.64,7965.11,10275.03,-400.42,2027
9/24/2024,RDOR3,,2907.8,9473.63,,,,849.19,,7354.32,,,2322.82,,,52302.78,-1816.5,2023
9/24/2024,RDOR3,,2637.86,10327.52,,,,1026.17,,9164.53,,,3822.19,,,58045.94,-1547.45,2024
9/24/2024,RDOR3,,2467.55,11267.6,,,,1548.15,,11007.32,,,4688.86,,,65847.16,-1621.53,2025
9/24/2024,RDOR3,,2136.13,12766.92,,,,1872.45,,12972.43,,,5706.67,,,75246.4,-1693.08,2026
9/24/2024,RDOR3,,2195.93,14197.37,,,,2116.26,,14765.17,,,7077.6,,,85214.14,-1501.52,2027
9/24/2024,CPLE6,,2206.6,,,,,,,5693.45,,,2327.17,,,,-1204.99,2023
9/24/2024,CPLE6,,2356.8,,,,,1134.77,,5676.18,,,2269.54,,,,-1237.62,2024
9/24/2024,CPLE6,,2758.68,,,,,1079.89,,6296.49,,,2159.79,,,,-1956.07,2025
9/24/2024,CPLE6,,1249.56,,,,,2356.19,,7248.17,,,2771.99,,,,-2041.21,2026
9/24/2024,SBSP3,,6397.32,1928.34,,,,0.0,,9512.64,,,3899.6,,29857.38,19971.72,-1592.0,2023
9/24/2024,SBSP3,,5953.0,2026.97,,,,1121.19,,11496.33,,,4896.5,,33509.1,21800.77,-1652.05,2024
9/24/2024,SBSP3,,13710.46,2352.16,,,,1436.36,,13599.42,,,5925.55,,38306.53,22634.03,-2181.1,2025
9/24/2024,SBSP3,,14245.16,2768.69,,,,3482.49,,15868.47,,,7532.64,,42676.94,25049.87,-2357.99,2026
9/24/2024,SBSP3,,14800.72,3237.41,,,,3978.52,,18442.02,,,8616.28,,47647.46,28022.04,-3025.04,2027
9/25/2024,EQTL3,,7884.68,,,,39784.6,0.0,,9522.0,,,1579.76,4.18,,,,2023
9/25/2024,EQTL3,,7163.24,,,,41334.0,531.89,,11026.46,,,2754.44,3.75,,,,2024
9/25/2024,EQTL3,,6838.86,,,,42907.36,641.11,,12453.25,,,3214.55,3.45,,,,2025
9/25/2024,EQTL3,,6947.25,,,,43811.45,1180.1,,13432.3,,,4410.04,3.26,,,,2026
9/25/2024,EQTL3,,7375.8,,,,43977.05,1210.48,,14109.89,,,4660.28,3.12,,,,2027
9/25/2024,GGPS3,3164.0,111.6,3045.0,4207.63,,,176.0,1139.44,1230.65,21.46,,631.26,,2988.0,10632.0,-222.5,2023
9/25/2024,GGPS3,4889.19,1614.05,3843.54,5548.58,,,169.9,1058.1,1454.16,-846.05,,701.09,,3562.81,14142.0,-202.47,2024
9/25/2024,GGPS3,4990.81,596.29,4706.31,6741.75,,,239.69,1448.96,1943.63,413.25,,966.02,,4291.56,17752.76,-238.41,2025
9/25/2024,GGPS3,5386.66,967.99,5319.98,7364.51,,,261.54,1528.65,2100.79,366.38,,1065.01,,5086.75,20532.98,-207.75,2026
9/25/2024,GGPS3,5765.14,1045.43,6200.66,8119.67,,,518.78,1778.87,2445.83,437.68,,1262.8,,5825.62,23935.62,-206.81,2027
9/25/2024,HAPV3,,440.72,3129.22,16617.57,,,0.0,,2935.43,,,345.29,,49093.56,27383.41,-1354.87,2023
9/25/2024,HAPV3,,789.9,3265.4,15616.35,,,138.73,,4180.52,,,1535.12,,49414.61,29103.79,-1006.16,2024
9/25/2024,HAPV3,,1120.0,3605.9,15458.78,,,494.21,,4962.39,,,2119.56,,50321.81,32091.72,-1101.1,2025
9/25/2024,HAPV3,,1200.0,3969.69,15782.2,,,1819.68,,5734.6,,,2905.58,,50941.79,35284.6,-939.13,2026
9/25/2024,HAPV3,,1300.0,4385.99,16989.79,,,2960.6,,6447.48,,,3694.71,,51696.53,38938.52,-689.28,2027
9/25/2024,RENT3,60967.0,12188.4,-5290.0,55677.0,-2222.4,,619.13,6853.2,10665.4,0.0,12887.8,2476.51,2.79,25398.0,28891.8,-4024.4,2023
9/25/2024,RENT3,63537.63,6954.98,-1271.35,62266.28,-624.6,,597.4,6111.29,12014.68,0.0,3545.0,1840.01,2.95,26570.19,38970.23,-4158.7,2024
9/25/2024,RENT3,69064.68,8590.76,-1969.6,67095.08,-714.2,,1829.49,10301.68,14940.65,0.0,3063.6,3658.98,2.59,28399.68,44863.02,-5702.54,2025
9/25/2024,RENT3,75408.43,9514.08,-2123.94,73546.57,-734.74,,2415.44,12117.61,17002.19,0.0,4271.77,4830.88,2.51,30815.12,50084.08,-5814.16,2026
9/25/2024,RENT3,82343.75,10420.28,-2251.9,80650.98,-777.4,,3755.23,13693.09,19017.63,0.0,4793.64,5777.28,2.51,32837.17,55293.22,-6035.4,2027
9/25/2024,MELI,1285.0,509.0,-1808.0,,,,0.0,1639.0,2347.0,,,987.0,,3071.0,14473.0,-270.0,2023
9/25/2024,MELI,1379.87,664.21,-3693.48,,,,0.0,2808.9,3378.24,,,2002.63,,5073.63,20591.13,-125.0,2024
9/25/2024,MELI,1508.93,711.58,-4095.63,,,,0.0,3918.86,4501.39,,,2948.37,,8022.0,24440.2,176.09,2025
9/25/2024,MELI,1734.45,842.36,-5298.08,,,,0.0,5518.31,6135.15,,,4098.84,,12120.84,31097.84,174.51,2026
9/25/2024,MELI,2072.29,990.03,-6501.42,,,,0.0,7189.36,7841.54,,,5430.4,,17551.24,37821.77,352.87,2027
9/25/2024,SGML,,87.97,15.16,,,,,,,2.92,,,0.39,,,-11.45,2023
9/25/2024,SGML,,100.59,25.01,,,,,,,-137.11,,,12.51,,,-27.2,2024
9/25/2024,SGML,,50.0,51.93,,,,,,,26.79,,,1.79,,,-27.47,2025
9/25/2024,SGML,,30.0,116.07,,,,,,,67.05,,,0.3,,,-9.26,2026
9/25/2024,SGML,,67.96,126.95,,,,,,,209.79,,,-0.34,,,-7.85,2027
9/25/2024,RAIL3,,0.0,-330.87,,,,0.0,,,2023.0,,,2.43,,10937.78,-2555.1,2023
9/25/2024,RAIL3,,5825.63,-68.38,,,,0.0,,,2024.0,,,2.01,,13736.71,-2569.78,2024
9/25/2024,RAIL3,,7726.08,-124.24,,,,0.0,,,2025.0,,,2.1,,15029.58,-3036.18,2025
9/25/2024,RAIL3,,7008.17,-120.79,,,,1710.02,,,2026.0,,,2.3,,16192.34,-3041.96,2026
9/25/2024,RAIL3,,7343.81,-120.23,,,,2273.83,,,2027.0,,,2.21,,18442.74,-3296.89,2027
9/25/2024,STNE,10539.8,1210.3,,,,,292.7,,,,,1574.6,,14676.0,12054.9,-3999.4,2023
9/25/2024,STNE,10856.77,1225.05,,,,,236.53,,,,,1972.68,,16327.9,13430.23,-4120.83,2024
9/25/2024,STNE,11214.81,1286.3,,,,,1129.06,,,,,2258.11,,17456.96,16010.49,-6012.27,2025
9/25/2024,STNE,11605.85,1350.62,,,,,1528.39,,,,,3056.79,,18985.35,18327.12,-6597.75,2026
9/25/2024,STNE,12030.31,1418.15,,,,,1865.82,,,,,3731.65,,20851.18,19486.41,-6348.92,2027
9/25/2024,SMFT3,5957.54,1335.52,-189.49,5768.05,,,266.0,,1302.29,,,536.21,1.15,5095.63,4244.74,-145.42,2023
9/25/2024,SMFT3,7440.77,1860.84,-263.83,7176.94,,,207.46,,1751.04,,,530.71,1.55,5419.74,5542.02,-323.83,2024
9/25/2024,SMFT3,8369.26,1914.21,-321.73,8047.53,,,149.75,,2337.01,,,706.7,1.32,5976.69,7063.98,-401.31,2025
9/25/2024,SMFT3,9278.43,2018.11,-376.66,8901.77,,,226.23,,2980.04,,,1054.85,1.04,6805.32,8697.64,-432.99,2026
9/25/2024,SMFT3,9716.55,1652.4,-416.2,9300.34,,,320.07,,3648.42,,,1479.86,0.64,7965.11,10275.03,-400.42,2027
9/25/2024,RDOR3,,2907.8,9473.63,,,,849.19,,7354.32,,,2322.82,,,52302.78,-1816.5,2023
9/25/2024,RDOR3,,2637.86,10327.52,,,,1026.17,,9164.53,,,3822.19,,,58045.94,-1547.45,2024
9/25/2024,RDOR3,,2467.55,11267.6,,,,1548.15,,11007.32,,,4688.86,,,65847.16,-1621.53,2025
9/25/2024,RDOR3,,2136.13,12766.92,,,,1872.45,,12972.43,,,5706.67,,,75246.4,-1693.08,2026
9/25/2024,RDOR3,,2195.93,14197.37,,,,2116.26,,14765.17,,,7077.6,,,85214.14,-1501.52,2027
9/25/2024,CPLE6,,2206.6,,,,,,,5693.45,,,2327.17,,,,-1204.99,2023
9/25/2024,CPLE6,,2356.8,,,,,1901.49,,5858.22,,,2402.97,,,,-1241.75,2024
9/25/2024,CPLE6,,2758.68,,,,,1078.06,,6368.09,,,2156.11,,,,-2032.57,2025
9/25/2024,CPLE6,,1249.56,,,,,2273.44,,7192.31,,,2674.63,,,,-2115.16,2026
9/25/2024,SBSP3,,6397.32,1928.34,,,,0.0,,9512.64,,,3899.6,,29857.38,19971.72,-1592.0,2023
9/25/2024,SBSP3,,5953.0,2026.97,,,,1121.19,,11496.33,,,4896.5,,33509.1,21800.77,-1652.05,2024
9/25/2024,SBSP3,,13710.46,2352.16,,,,1436.36,,13599.42,,,5925.55,,38306.53,22634.03,-2181.1,2025
9/25/2024,SBSP3,,14245.16,2768.69,,,,3482.49,,15868.47,,,7532.64,,42676.94,25049.87,-2357.99,2026
9/25/2024,SBSP3,,14800.72,3237.41,,,,3978.52,,18442.02,,,8616.28,,47647.46,28022.04,-3025.04,2027
9/26/2024,EQTL3,,7884.68,,,,39784.6,0.0,,9522.0,,,1579.76,4.18,,,,2023
9/26/2024,EQTL3,,7163.24,,,,41334.0,531.89,,11026.46,,,2754.44,3.75,,,,2024
9/26/2024,EQTL3,,6838.86,,,,42907.36,641.11,,12453.25,,,3214.55,3.45,,,,2025
9/26/2024,EQTL3,,6947.25,,,,43811.45,1180.1,,13432.3,,,4410.04,3.26,,,,2026
9/26/2024,EQTL3,,7375.8,,,,43977.05,1210.48,,14109.89,,,4660.28,3.12,,,,2027
9/26/2024,GGPS3,3164.0,111.6,3045.0,4207.63,,,176.0,1139.44,1230.65,21.46,,631.26,,2988.0,10632.0,-222.5,2023
9/26/2024,GGPS3,4889.19,1614.05,3843.54,5548.58,,,169.9,1058.1,1454.16,-846.05,,701.09,,3562.81,14142.0,-202.47,2024
9/26/2024,GGPS3,4990.81,596.29,4706.31,6741.75,,,239.69,1448.96,1943.63,413.25,,966.02,,4291.56,17752.76,-238.41,2025
9/26/2024,GGPS3,5386.66,967.99,5319.98,7364.51,,,261.54,1528.65,2100.79,366.38,,1065.01,,5086.75,20532.98,-207.75,2026
9/26/2024,GGPS3,5765.14,1045.43,6200.66,8119.67,,,518.78,1778.87,2445.83,437.68,,1262.8,,5825.62,23935.62,-206.81,2027
9/26/2024,HAPV3,,440.72,3129.22,16617.57,,,0.0,,2935.43,,,345.29,,49093.56,27383.41,-1354.87,2023
9/26/2024,HAPV3,,789.9,3265.4,15616.35,,,138.73,,4180.52,,,1535.12,,49414.61,29103.79,-1006.16,2024
9/26/2024,HAPV3,,1120.0,3605.9,15458.78,,,494.21,,4962.39,,,2119.56,,50321.81,32091.72,-1101.1,2025
9/26/2024,HAPV3,,1200.0,3969.69,15782.2,,,1819.68,,5734.6,,,2905.58,,50941.79,35284.6,-939.13,2026
9/26/2024,HAPV3,,1300.0,4385.99,16989.79,,,2960.6,,6447.48,,,3694.71,,51696.53,38938.52,-689.28,2027
9/26/2024,RENT3,60967.0,12188.4,-5290.0,55677.0,-2222.4,,619.13,6853.2,10665.4,0.0,12887.8,2476.51,2.79,25398.0,28891.8,-4024.4,2023
9/26/2024,RENT3,63537.63,6954.98,-1271.35,62266.28,-624.6,,597.4,6111.29,12014.68,0.0,3545.0,1840.01,2.95,26570.19,38970.23,-4158.7,2024
9/26/2024,RENT3,69064.68,8590.76,-1969.6,67095.08,-714.2,,1829.49,10301.68,14940.65,0.0,3063.6,3658.98,2.59,28399.68,44863.02,-5702.54,2025
9/26/2024,RENT3,75408.43,9514.08,-2123.94,73546.57,-734.74,,2415.44,12117.61,17002.19,0.0,4271.77,4830.88,2.51,30815.12,50084.08,-5814.16,2026
9/26/2024,RENT3,82343.75,10420.28,-2251.9,80650.98,-777.4,,3755.23,13693.09,19017.63,0.0,4793.64,5777.28,2.51,32837.17,55293.22,-6035.4,2027
9/26/2024,MELI,1285.0,509.0,-1808.0,,,,0.0,1639.0,2347.0,,,987.0,,3071.0,14473.0,-270.0,2023
9/26/2024,MELI,1379.87,664.21,-3693.48,,,,0.0,2808.9,3378.24,,,2002.63,,5073.63,20591.13,-125.0,2024
9/26/2024,MELI,1508.93,711.58,-4095.63,,,,0.0,3918.86,4501.39,,,2948.37,,8022.0,24440.2,176.09,2025
9/26/2024,MELI,1734.45,842.36,-5298.08,,,,0.0,5518.31,6135.15,,,4098.84,,12120.84,31097.84,174.51,2026
9/26/2024,MELI,2072.29,990.03,-6501.42,,,,0.0,7189.36,7841.54,,,5430.4,,17551.24,37821.77,352.87,2027
9/26/2024,SGML,,87.97,15.16,,,,,,,2.92,,,0.39,,,-11.45,2023
9/26/2024,SGML,,100.59,25.01,,,,,,,-137.11,,,12.51,,,-27.2,2024
9/26/2024,SGML,,50.0,51.93,,,,,,,26.79,,,1.79,,,-27.47,2025
9/26/2024,SGML,,30.0,116.07,,,,,,,67.05,,,0.3,,,-9.26,2026
9/26/2024,SGML,,67.96,126.95,,,,,,,209.79,,,-0.34,,,-7.85,2027
9/26/2024,RAIL3,,0.0,-330.87,,,,0.0,,,2023.0,,,2.43,,10937.78,-2555.1,2023
9/26/2024,RAIL3,,5825.63,-68.38,,,,0.0,,,2024.0,,,2.01,,13736.71,-2571.2,2024
9/26/2024,RAIL3,,7726.08,-124.24,,,,0.0,,,2025.0,,,2.1,,15029.58,-3040.46,2025
9/26/2024,RAIL3,,7008.17,-120.79,,,,1709.77,,,2026.0,,,2.3,,16192.34,-3042.4,2026
9/26/2024,RAIL3,,7343.81,-120.23,,,,2273.58,,,2027.0,,,2.21,,18442.74,-3297.34,2027
9/26/2024,STNE,10539.8,1210.3,,,,,292.7,,,,,1574.6,,14676.0,12054.9,-3999.4,2023
9/26/2024,STNE,10856.77,1225.05,,,,,236.53,,,,,1972.68,,16327.9,13430.23,-4120.83,2024
9/26/2024,STNE,11214.81,1286.3,,,,,1129.06,,,,,2258.11,,17456.96,16010.49,-6012.27,2025
9/26/2024,STNE,11605.85,1350.62,,,,,1528.39,,,,,3056.79,,18985.35,18327.12,-6597.75,2026
9/26/2024,STNE,12030.31,1418.15,,,,,1865.82,,,,,3731.65,,20851.18,19486.41,-6348.92,2027
9/26/2024,SMFT3,5957.54,1335.52,-189.49,5768.05,,,266.0,,1302.29,,,536.21,1.15,5095.63,4244.74,-145.42,2023
9/26/2024,SMFT3,7440.77,1860.84,-263.83,7176.94,,,207.46,,1751.04,,,530.71,1.55,5419.74,5542.02,-323.83,2024
9/26/2024,SMFT3,8369.26,1914.21,-321.73,8047.53,,,149.75,,2337.01,,,706.7,1.32,5976.69,7063.98,-401.31,2025
9/26/2024,SMFT3,9278.43,2018.11,-376.66,8901.77,,,226.23,,2980.04,,,1054.85,1.04,6805.32,8697.64,-432.99,2026
9/26/2024,SMFT3,9716.55,1652.4,-416.2,9300.34,,,320.07,,3648.42,,,1479.86,0.64,7965.11,10275.03,-400.42,2027
9/26/2024,RDOR3,,2907.8,9473.63,,,,849.19,,7354.32,,,2322.82,,,52302.78,-1816.5,2023
9/26/2024,RDOR3,,2637.86,10327.52,,,,1026.17,,9164.53,,,3822.19,,,58045.94,-1547.45,2024
9/26/2024,RDOR3,,2467.55,11267.6,,,,1548.15,,11007.32,,,4688.86,,,65847.16,-1621.53,2025
9/26/2024,RDOR3,,2136.13,12766.92,,,,1872.45,,12972.43,,,5706.67,,,75246.4,-1693.08,2026
9/26/2024,RDOR3,,2195.93,14197.37,,,,2116.26,,14765.17,,,7077.6,,,85214.14,-1501.52,2027
9/26/2024,CPLE6,,2206.6,,,,,,,5693.45,,,2327.17,,,,-1204.99,2023
9/26/2024,CPLE6,,2356.8,,,,,1901.49,,5858.22,,,2402.97,,,,-1241.75,2024
9/26/2024,CPLE6,,2758.68,,,,,1078.06,,6368.09,,,2156.11,,,,-2032.57,2025
9/26/2024,CPLE6,,1249.56,,,,,2273.44,,7192.31,,,2674.63,,,,-2115.16,2026
9/26/2024,SBSP3,,6397.32,1928.34,,,,0.0,,9512.64,,,3899.6,,29857.38,19971.72,-1592.0,2023
9/26/2024,SBSP3,,5953.0,2026.97,,,,1121.19,,11496.33,,,4896.5,,33509.1,21800.77,-1652.05,2024
9/26/2024,SBSP3,,13710.46,2352.16,,,,1436.36,,13599.42,,,5925.55,,38306.53,22634.03,-2181.1,2025
9/26/2024,SBSP3,,14245.16,2768.69,,,,3482.49,,15868.47,,,7532.64,,42676.94,25049.87,-2357.99,2026
9/26/2024,SBSP3,,14800.72,3237.41,,,,3978.52,,18442.02,,,8616.28,,47647.46,28022.04,-3025.04,2027
9/27/2024,EQTL3,,7884.68,,,,39784.6,0.0,,9522.0,,,1579.76,4.18,,,,2023
9/27/2024,EQTL3,,7163.24,,,,41337.4,531.42,,11026.46,,,2750.63,3.75,,,,2024
9/27/2024,EQTL3,,6838.86,,,,42899.16,635.83,,12453.25,,,3149.5,3.44,,,,2025
9/27/2024,EQTL3,,6947.25,,,,44494.35,1079.17,,13432.3,,,3583.39,3.31,,,,2026
9/27/2024,EQTL3,,7375.8,,,,44594.45,1212.06,,14262.29,,,4636.99,3.13,,,,2027
9/27/2024,GGPS3,3164.0,141.92,3045.0,4061.33,,,176.0,1139.44,1230.65,-9.0,,631.26,,2988.0,10632.0,-222.5,2023
9/27/2024,GGPS3,4402.63,168.15,3924.54,5186.21,,,178.08,1138.12,1528.24,2511.83,,721.4,,3573.4,14607.0,-264.43,2024
9/27/2024,GGPS3,4474.35,517.38,4336.16,5919.1,,,250.95,1455.51,1901.17,890.6,,967.2,,4336.4,17694.73,-188.07,2025
9/27/2024,GGPS3,4835.56,876.77,4896.82,6284.38,,,320.9,1746.45,2262.02,689.36,,1220.87,,5312.07,20470.31,-125.73,2026
9/27/2024,HAPV3,,440.72,3129.22,16617.57,,,0.0,,2935.43,,,345.29,,49093.56,27383.41,-1354.87,2023
9/27/2024,HAPV3,,789.9,3265.4,15616.35,,,138.73,,4180.52,,,1535.12,,49414.61,29103.79,-1006.16,2024
9/27/2024,HAPV3,,1120.0,3605.9,15458.78,,,494.21,,4962.39,,,2119.56,,50321.81,32091.72,-1101.1,2025
9/27/2024,HAPV3,,1200.0,3969.69,15782.2,,,1819.68,,5734.6,,,2905.58,,50941.79,35284.6,-939.13,2026
9/27/2024,HAPV3,,1300.0,4385.99,16989.79,,,2960.6,,6447.48,,,3694.71,,51696.53,38938.52,-689.28,2027
9/27/2024,RENT3,60967.0,12188.4,-5290.0,55677.0,-2222.4,,619.13,6853.2,10665.4,0.0,12887.8,2476.51,2.79,25398.0,28891.8,-4024.4,2023
9/27/2024,RENT3,63537.63,6954.98,-1271.35,62266.28,-624.6,,597.4,6111.29,12014.68,0.0,3545.0,1840.01,2.95,26570.19,38970.23,-4158.7,2024
9/27/2024,RENT3,69064.68,8590.76,-1969.6,67095.08,-714.2,,1829.49,10301.68,14940.65,0.0,3063.6,3658.98,2.59,28399.68,44863.02,-5702.54,2025
9/27/2024,RENT3,75408.43,9514.08,-2123.94,73546.57,-734.74,,2415.44,12117.61,17002.19,0.0,4271.77,4830.88,2.51,30815.12,50084.08,-5814.16,2026
9/27/2024,RENT3,82343.75,10420.28,-2251.9,80650.98,-777.4,,3755.23,13693.09,19017.63,0.0,4793.64,5777.28,2.51,32837.17,55293.22,-6035.4,2027
9/27/2024,MELI,1285.0,509.0,-1808.0,,,,0.0,1639.0,2347.0,,,987.0,,3071.0,14473.0,-270.0,2023
9/27/2024,MELI,1379.87,664.21,-3693.48,,,,0.0,2808.9,3378.24,,,2002.63,,5073.63,20591.13,-125.0,2024
9/27/2024,MELI,1508.93,711.58,-4095.63,,,,0.0,3918.86,4501.39,,,2948.37,,8022.0,24440.2,176.09,2025
9/27/2024,MELI,1734.45,842.36,-5298.08,,,,0.0,5518.31,6135.15,,,4098.84,,12120.84,31097.84,174.51,2026
9/27/2024,MELI,2072.29,990.03,-6501.42,,,,0.0,7189.36,7841.54,,,5430.4,,17551.24,37821.77,352.87,2027
9/27/2024,SGML,,,-9.35,,,,,,,33.05,,,0.0,,,-7.05,2023
9/27/2024,SGML,,,14.42,,,,,,,103.98,,,2.56,,,-33.38,2024
9/27/2024,SGML,,108.61,26.58,,,,,,,-61.71,,,1.89,,,-14.82,2025
9/27/2024,SGML,,115.45,50.72,,,,,,,38.02,,,0.53,,,-17.29,2026
9/27/2024,SGML,,20.79,59.28,,,,,,,225.37,,,-0.36,,,-7.03,2027
9/27/2024,RAIL3,,0.0,-330.87,,,,0.0,,,2023.0,,,2.43,,10937.78,-2555.1,2023
9/27/2024,RAIL3,,5825.63,-68.38,,,,0.0,,,2024.0,,,2.01,,13736.71,-2571.2,2024
9/27/2024,RAIL3,,7726.08,-124.24,,,,0.0,,,2025.0,,,2.1,,15029.58,-3040.46,2025
9/27/2024,RAIL3,,7008.17,-120.79,,,,1516.77,,,2026.0,,,2.31,,16192.34,-3387.05,2026
9/27/2024,RAIL3,,7343.81,-120.23,,,,2049.82,,,2027.0,,,2.23,,18442.74,-3696.91,2027
9/27/2024,STNE,10539.8,1210.3,,,,,292.7,,,,,1574.6,,14676.0,12054.9,-3999.4,2023
9/27/2024,STNE,10856.77,1225.05,,,,,236.53,,,,,1972.68,,16327.9,13430.23,-4120.83,2024
9/27/2024,STNE,11214.81,1286.3,,,,,1129.06,,,,,2258.11,,17456.96,16010.49,-6012.27,2025
9/27/2024,STNE,11605.85,1350.62,,,,,1528.39,,,,,3056.79,,18985.35,18327.12,-6597.75,2026
9/27/2024,STNE,12030.31,1418.15,,,,,1865.82,,,,,3731.65,,20851.18,19486.41,-6348.92,2027
9/27/2024,SMFT3,5957.54,1335.52,-189.49,5768.05,,,266.0,,1302.29,,,536.21,1.15,5095.63,4244.74,-145.42,2023
9/27/2024,SMFT3,7440.77,1860.84,-263.83,7176.94,,,207.46,,1751.04,,,530.71,1.55,5419.74,5542.02,-323.83,2024
9/27/2024,SMFT3,8369.26,1914.21,-321.73,8047.53,,,149.75,,2337.01,,,706.7,1.32,5976.69,7063.98,-401.31,2025
9/27/2024,SMFT3,9278.43,2018.11,-376.66,8901.77,,,226.23,,2980.04,,,1054.85,1.04,6805.32,8697.64,-432.99,2026
9/27/2024,SMFT3,9716.55,1652.4,-416.2,9300.34,,,320.07,,3648.42,,,1479.86,0.64,7965.11,10275.03,-400.42,2027
9/27/2024,PRIO3,,-3156.27,322.12,,,,,,,-1907.58,,,0.55,,,-212.7,2023
9/27/2024,PRIO3,,-586.91,330.09,,,,,,,1182.59,,,0.12,,,-152.45,2024
9/27/2024,PRIO3,,-500.0,444.13,,,,,,,1136.21,,,-0.41,,,-53.11,2025
9/27/2024,PRIO3,,-500.0,491.15,,,,,,,1890.89,,,-0.99,,,235.7,2026
9/27/2024,PRIO3,,-299.2,533.29,,,,,,,1912.82,,,-1.54,,,106.9,2027
9/27/2024,RDOR3,,2907.8,9473.63,,,,849.19,,7354.32,,,2322.82,,,52302.78,-1816.5,2023
9/27/2024,RDOR3,,2637.86,10327.52,,,,1026.17,,9164.53,,,3822.19,,,58045.94,-1547.45,2024
9/27/2024,RDOR3,,2467.55,11267.6,,,,1548.15,,11007.32,,,4688.86,,,65847.16,-1621.53,2025
9/27/2024,RDOR3,,2136.13,12766.92,,,,1872.45,,12972.43,,,5706.67,,,75246.4,-1693.08,2026
9/27/2024,RDOR3,,2195.93,14197.37,,,,2116.26,,14765.17,,,7077.6,,,85214.14,-1501.52,2027
9/27/2024,CPLE6,,2206.6,,,,,0.0,,5693.45,,,2327.17,,,,-1204.99,2023
9/27/2024,CPLE6,,2356.1,,,,,1883.34,,5673.02,,,2366.68,,,,-1104.93,2024
9/27/2024,CPLE6,,2493.78,,,,,1074.67,,6184.49,,,2149.34,,,,-1858.0,2025
9/27/2024,CPLE6,,1713.13,,,,,2303.11,,7004.81,,,2709.54,,,,-1881.12,2026
9/27/2024,CPLE6,,2369.92,,,,,3065.72,,7836.67,,,3606.73,,,,-1464.29,2027
9/27/2024,SBSP3,,6397.32,1928.34,,,,0.0,,9512.64,,,3899.6,,29857.38,19971.72,-1592.0,2023
9/27/2024,SBSP3,,5953.0,2026.97,,,,1120.83,,11496.33,,,4894.94,,33507.9,21800.77,-1654.23,2024
9/27/2024,SBSP3,,13710.46,2352.16,,,,1435.4,,13599.42,,,5921.38,,38302.12,22634.03,-2186.92,2025
9/27/2024,SBSP3,,14245.16,2768.69,,,,3320.98,,15868.47,,,7204.67,,42506.07,25049.87,-2847.42,2026
9/27/2024,SBSP3,,14800.72,3237.41,,,,3773.11,,18442.02,,,8195.84,,47261.55,28022.04,-3647.48,2027
10/1/2024,EQTL3,,7884.68,,,,39784.6,0.0,,9522.0,,,1579.76,4.18,,,,2023
10/1/2024,EQTL3,,7163.24,,,,41334.0,531.89,,11026.46,,,2754.44,3.75,,,,2024
10/1/2024,EQTL3,,6838.86,,,,42886.97,636.78,,12453.25,,,3158.97,3.44,,,,2025
10/1/2024,EQTL3,,6947.25,,,,43758.95,1173.92,,13432.3,,,4359.99,3.26,,,,2026
10/1/2024,EQTL3,,7375.8,,,,43797.42,1217.46,,14262.29,,,4714.78,3.07,,,,2027
10/1/2024,GGPS3,3164.0,141.92,3045.0,4061.33,,,176.0,1139.44,1230.65,-9.0,,631.26,,2988.0,10632.0,-222.5,2023
10/1/2024,GGPS3,4402.63,168.15,3924.54,5186.21,,,178.08,1138.12,1528.24,2511.83,,721.4,,3573.4,14607.0,-264.43,2024
10/1/2024,GGPS3,4474.35,517.38,4336.16,5919.1,,,250.95,1455.51,1901.17,890.6,,967.2,,4336.4,17694.73,-188.07,2025
10/1/2024,GGPS3,4835.56,876.77,4896.82,6284.38,,,320.9,1746.45,2262.02,689.36,,1220.87,,5312.07,20470.31,-125.73,2026
10/1/2024,HAPV3,,440.72,3129.22,16617.57,,,0.0,,2935.43,,,345.29,,49093.56,27383.41,-1354.87,2023
10/1/2024,HAPV3,,789.9,3265.4,15616.35,,,138.73,,4180.52,,,1535.12,,49414.61,29103.79,-1006.16,2024
10/1/2024,HAPV3,,1120.0,3605.9,15458.78,,,494.21,,4962.39,,,2119.56,,50321.81,32091.72,-1101.1,2025
10/1/2024,HAPV3,,1200.0,3969.69,15782.2,,,1819.68,,5734.6,,,2905.58,,50941.79,35284.6,-939.13,2026
10/1/2024,HAPV3,,1300.0,4385.99,16989.79,,,2960.6,,6447.48,,,3694.71,,51696.53,38938.52,-689.28,2027
10/1/2024,RENT3,60967.0,12188.4,-5290.0,55677.0,-2222.4,,619.13,6853.2,10665.4,0.0,12887.8,2476.51,2.79,25398.0,28891.8,-4024.4,2023
10/1/2024,RENT3,63537.63,6954.98,-1271.35,62266.28,-624.6,,597.4,6111.29,12014.68,0.0,3545.0,1840.01,2.95,26570.19,38970.23,-4158.7,2024
10/1/2024,RENT3,69064.68,8590.76,-1969.6,67095.08,-714.2,,1829.49,10301.68,14940.65,0.0,3063.6,3658.98,2.59,28399.68,44863.02,-5702.54,2025
10/1/2024,RENT3,75408.43,9514.08,-2123.94,73546.57,-734.74,,2415.44,12117.61,17002.19,0.0,4271.77,4830.88,2.51,30815.12,50084.08,-5814.16,2026
10/1/2024,RENT3,82343.75,10420.28,-2251.9,80650.98,-777.4,,3755.23,13693.09,19017.63,0.0,4793.64,5777.28,2.51,32837.17,55293.22,-6035.4,2027
10/1/2024,MELI,1285.0,509.0,-1808.0,,,,0.0,1639.0,2347.0,,,987.0,,3071.0,14473.0,-270.0,2023
10/1/2024,MELI,1379.87,664.21,-3693.48,,,,0.0,2808.9,3378.24,,,2002.63,,5073.63,20591.13,-125.0,2024
10/1/2024,MELI,1508.93,711.58,-4095.63,,,,0.0,3918.86,4501.39,,,2948.37,,8022.0,24440.2,176.09,2025
10/1/2024,MELI,1734.45,842.36,-5298.08,,,,0.0,5518.31,6135.15,,,4098.84,,12120.84,31097.84,174.51,2026
10/1/2024,MELI,2072.29,990.03,-6501.42,,,,0.0,7189.36,7841.54,,,5430.4,,17551.24,37821.77,352.87,2027
10/1/2024,SGML,,,-9.35,,,,,,,33.05,,,0.0,,,-7.05,2023
10/1/2024,SGML,,,14.42,,,,,,,103.98,,,2.56,,,-33.38,2024
10/1/2024,SGML,,108.61,26.58,,,,,,,-61.71,,,1.89,,,-14.82,2025
10/1/2024,SGML,,115.45,50.72,,,,,,,38.02,,,0.53,,,-17.29,2026
10/1/2024,SGML,,20.79,59.28,,,,,,,225.37,,,-0.36,,,-7.03,2027
10/1/2024,RAIL3,,0.0,-330.87,,,,0.0,,,2023.0,,,2.43,,10937.78,-2555.1,2023
10/1/2024,RAIL3,,5825.63,-68.38,,,,0.0,,,2024.0,,,2.01,,13736.71,-2571.2,2024
10/1/2024,RAIL3,,7726.08,-124.24,,,,0.0,,,2025.0,,,2.1,,15029.58,-3040.46,2025
10/1/2024,RAIL3,,7008.17,-120.79,,,,1516.77,,,2026.0,,,2.31,,16192.34,-3387.05,2026
10/1/2024,RAIL3,,7343.81,-120.23,,,,2049.82,,,2027.0,,,2.23,,18442.74,-3696.91,2027
10/1/2024,STNE,10539.8,1210.3,,,,,292.7,,,,,1574.6,,14676.0,12054.9,-3999.4,2023
10/1/2024,STNE,10856.77,1225.05,,,,,236.53,,,,,1972.68,,16327.9,13430.23,-4120.83,2024
10/1/2024,STNE,11214.81,1286.3,,,,,1129.06,,,,,2258.11,,17456.96,16010.49,-6012.27,2025
10/1/2024,STNE,11605.85,1350.62,,,,,1528.39,,,,,3056.79,,18985.35,18327.12,-6597.75,2026
10/1/2024,STNE,12030.31,1418.15,,,,,1865.82,,,,,3731.65,,20851.18,19486.41,-6348.92,2027
10/1/2024,SMFT3,5957.54,1335.52,-189.49,5768.05,,,266.0,,1302.29,,,536.21,1.15,5095.63,4244.74,-145.42,2023
10/1/2024,SMFT3,7440.77,1860.84,-263.83,7176.94,,,207.46,,1751.04,,,530.71,1.55,5419.74,5542.02,-323.83,2024
10/1/2024,SMFT3,8369.26,1914.21,-321.73,8047.53,,,149.75,,2337.01,,,706.7,1.32,5976.69,7063.98,-401.31,2025
10/1/2024,SMFT3,9278.43,2018.11,-376.66,8901.77,,,226.23,,2980.04,,,1054.85,1.04,6805.32,8697.64,-432.99,2026
10/1/2024,SMFT3,9716.55,1652.4,-416.2,9300.34,,,320.07,,3648.42,,,1479.86,0.64,7965.11,10275.03,-400.42,2027
10/1/2024,PRIO3,,-3156.27,322.12,,,,,,,-1907.58,,,0.55,,,-212.7,2023
10/1/2024,PRIO3,,-586.91,330.09,,,,,,,1182.59,,,0.12,,,-152.45,2024
10/1/2024,PRIO3,,-500.0,444.13,,,,,,,1136.21,,,-0.41,,,-53.11,2025
10/1/2024,PRIO3,,-500.0,491.15,,,,,,,1890.89,,,-0.99,,,235.7,2026
10/1/2024,PRIO3,,-299.2,533.29,,,,,,,1912.82,,,-1.54,,,106.9,2027
10/1/2024,RDOR3,,2907.8,9473.63,,,,849.19,,7354.32,,,2322.82,,,52302.78,-1816.5,2023
10/1/2024,RDOR3,,2637.86,10327.52,,,,1026.17,,9164.53,,,3822.19,,,58045.94,-1547.45,2024
10/1/2024,RDOR3,,2467.55,11267.6,,,,1548.15,,11007.32,,,4688.86,,,65847.16,-1621.53,2025
10/1/2024,RDOR3,,2136.13,12766.92,,,,1872.45,,12972.43,,,5706.67,,,75246.4,-1693.08,2026
10/1/2024,RDOR3,,2195.93,14197.37,,,,2116.26,,14765.17,,,7077.6,,,85214.14,-1501.52,2027
10/1/2024,CPLE6,,2206.6,,,,,0.0,,5693.45,,,2327.17,,,,-1204.99,2023
10/1/2024,CPLE6,,2356.1,,,,,1883.86,,5673.02,,,2367.72,,,,-1103.55,2024
10/1/2024,CPLE6,,2493.78,,,,,1076.34,,6184.49,,,2152.69,,,,-1853.53,2025
10/1/2024,CPLE6,,1713.13,,,,,2539.67,,7004.81,,,2987.85,,,,-1510.05,2026
10/1/2024,CPLE6,,2369.92,,,,,3068.41,,7836.67,,,3609.89,,,,-1460.07,2027
10/1/2024,SBSP3,,6397.32,1928.34,,,,0.0,,9512.64,,,3899.6,,29857.38,19971.72,-1592.0,2023
10/1/2024,SBSP3,,5953.0,2026.97,,,,1120.83,,11496.33,,,4894.94,,33507.9,21800.77,-1654.23,2024
10/1/2024,SBSP3,,13710.46,2352.16,,,,1435.4,,13599.42,,,5921.38,,38302.12,22634.03,-2186.92,2025
10/1/2024,SBSP3,,14245.16,2768.69,,,,3320.98,,15868.47,,,7204.67,,42506.07,25049.87,-2847.42,2026
10/1/2024,SBSP3,,14800.72,3237.41,,,,3773.11,,18442.02,,,8195.84,,47261.55,28022.04,-3647.48,2027
10/4/2024,EQTL3,,7884.68,,,,39784.6,0.0,,9522.0,,,1579.76,4.18,,,,2023
10/4/2024,EQTL3,,7163.24,,,,41334.0,531.89,,11026.46,,,2754.44,3.75,,,,2024
10/4/2024,EQTL3,,6838.86,,,,42886.97,636.78,,12453.25,,,3158.97,3.44,,,,2025
10/4/2024,EQTL3,,6947.25,,,,43758.95,1173.92,,13432.3,,,4359.99,3.26,,,,2026
10/4/2024,EQTL3,,7375.8,,,,43797.42,1217.46,,14262.29,,,4714.78,3.07,,,,2027
10/4/2024,GGPS3,3164.0,141.92,3045.0,4061.33,,,176.0,1139.44,1230.65,-9.0,,631.26,,2988.0,10632.0,-222.5,2023
10/4/2024,GGPS3,4402.63,168.15,3924.54,5186.21,,,178.08,1138.12,1528.24,2511.83,,721.4,,3573.4,14607.0,-264.43,2024
10/4/2024,GGPS3,4474.35,517.38,4336.16,5919.1,,,250.95,1455.51,1901.17,890.6,,967.2,,4336.4,17694.73,-188.07,2025
10/4/2024,GGPS3,4835.56,876.77,4896.82,6284.38,,,320.9,1746.45,2262.02,689.36,,1220.87,,5312.07,20470.31,-125.73,2026
10/4/2024,HAPV3,,440.72,3129.22,16617.57,,,0.0,,2935.43,,,345.29,,49093.56,27383.41,-1354.87,2023
10/4/2024,HAPV3,,789.9,3265.4,15616.35,,,138.73,,4180.52,,,1535.12,,49414.61,29103.79,-1006.16,2024
10/4/2024,HAPV3,,1120.0,3605.9,15458.78,,,494.21,,4962.39,,,2119.56,,50321.81,32091.72,-1101.1,2025
10/4/2024,HAPV3,,1200.0,3969.69,15782.2,,,1819.68,,5734.6,,,2905.58,,50941.79,35284.6,-939.13,2026
10/4/2024,HAPV3,,1300.0,4385.99,16989.79,,,2960.6,,6447.48,,,3694.71,,51696.53,38938.52,-689.28,2027
10/4/2024,RENT3,60967.0,12188.4,-5290.0,55677.0,-2222.4,,619.13,6853.2,10665.4,0.0,12887.8,2476.51,2.79,25398.0,28891.8,-4024.4,2023
10/4/2024,RENT3,63537.63,6954.98,-1271.35,62266.28,-624.6,,597.4,6111.29,12014.68,0.0,3545.0,1840.01,2.95,26570.19,38970.23,-4158.7,2024
10/4/2024,RENT3,69064.68,8590.76,-1969.6,67095.08,-714.2,,1829.49,10301.68,14940.65,0.0,3063.6,3658.98,2.59,28399.68,44863.02,-5702.54,2025
10/4/2024,RENT3,75408.43,9514.08,-2123.94,73546.57,-734.74,,2415.44,12117.61,17002.19,0.0,4271.77,4830.88,2.51,30815.12,50084.08,-5814.16,2026
10/4/2024,RENT3,82343.75,10420.28,-2251.9,80650.98,-777.4,,3755.23,13693.09,19017.63,0.0,4793.64,5777.28,2.51,32837.17,55293.22,-6035.4,2027
10/4/2024,MELI,1285.0,509.0,-1808.0,,,,0.0,1639.0,2347.0,,,987.0,,3071.0,14473.0,-270.0,2023
10/4/2024,MELI,1379.87,664.21,-3693.48,,,,0.0,2808.9,3378.24,,,2002.63,,5073.63,20591.13,-125.0,2024
10/4/2024,MELI,1508.93,711.58,-4095.63,,,,0.0,3918.86,4501.39,,,2948.37,,8022.0,24440.2,176.09,2025
10/4/2024,MELI,1734.45,842.36,-5298.08,,,,0.0,5518.31,6135.15,,,4098.84,,12120.84,31097.84,174.51,2026
10/4/2024,MELI,2072.29,990.03,-6501.42,,,,0.0,7189.36,7841.54,,,5430.4,,17551.24,37821.77,352.87,2027
10/4/2024,SGML,,,-9.35,,,,,,,33.05,,,0.0,,,-7.05,2023
10/4/2024,SGML,,,14.42,,,,,,,60.1,,,2.55,,,-33.23,2024
10/4/2024,SGML,,108.61,26.58,,,,,,,-61.7,,,1.89,,,-14.8,2025
10/4/2024,SGML,,115.45,50.72,,,,,,,38.03,,,0.53,,,-17.28,2026
10/4/2024,SGML,,20.79,59.28,,,,,,,225.38,,,-0.36,,,-7.02,2027
10/4/2024,RAIL3,,0.0,-330.87,,,,0.0,,,2023.0,,,2.43,,10937.78,-2555.1,2023
10/4/2024,RAIL3,,5825.63,-68.38,,,,0.0,,,2024.0,,,2.01,,13736.71,-2571.2,2024
10/4/2024,RAIL3,,7726.08,-124.24,,,,0.0,,,2025.0,,,2.1,,15029.58,-3040.46,2025
10/4/2024,RAIL3,,7008.17,-120.79,,,,1516.77,,,2026.0,,,2.31,,16192.34,-3387.05,2026
10/4/2024,RAIL3,,7343.81,-120.23,,,,2049.82,,,2027.0,,,2.23,,18442.74,-3696.91,2027
10/4/2024,STNE,10539.8,1210.3,,,,,292.7,,,,,1574.6,,14676.0,12054.9,-3999.4,2023
10/4/2024,STNE,10856.77,1225.05,,,,,236.53,,,,,1972.68,,16327.9,13430.23,-4120.83,2024
10/4/2024,STNE,11214.81,1286.3,,,,,1129.06,,,,,2258.11,,17456.96,16010.49,-6012.27,2025
10/4/2024,STNE,11605.85,1350.62,,,,,1528.39,,,,,3056.79,,18985.35,18327.12,-6597.75,2026
10/4/2024,STNE,12030.31,1418.15,,,,,1865.82,,,,,3731.65,,20851.18,19486.41,-6348.92,2027
10/4/2024,SMFT3,5957.54,1335.52,-189.49,5768.05,,,266.0,,1302.29,,,536.21,1.15,5095.63,4244.74,-145.42,2023
10/4/2024,SMFT3,7440.77,1860.84,-263.83,7176.94,,,207.46,,1751.04,,,530.71,1.55,5419.74,5542.02,-323.83,2024
10/4/2024,SMFT3,8369.26,1914.21,-321.73,8047.53,,,149.75,,2337.01,,,706.7,1.32,5976.69,7063.98,-401.31,2025
10/4/2024,SMFT3,9278.43,2018.11,-376.66,8901.77,,,226.23,,2980.04,,,1054.85,1.04,6805.32,8697.64,-432.99,2026
10/4/2024,SMFT3,9716.55,1652.4,-416.2,9300.34,,,320.07,,3648.42,,,1479.86,0.64,7965.11,10275.03,-400.42,2027
10/4/2024,PRIO3,,-3156.27,322.12,,,,,,,-1907.58,,,0.55,,,-212.7,2023
10/4/2024,PRIO3,,-586.91,330.09,,,,,,,1182.59,,,0.12,,,-152.45,2024
10/4/2024,PRIO3,,-500.0,444.13,,,,,,,1136.21,,,-0.41,,,-53.11,2025
10/4/2024,PRIO3,,-500.0,491.15,,,,,,,1890.89,,,-0.99,,,235.7,2026
10/4/2024,PRIO3,,-299.2,533.29,,,,,,,1912.82,,,-1.54,,,106.9,2027
10/4/2024,RDOR3,,2907.8,9473.63,,,,849.19,,7354.32,,,2322.82,,,52302.78,-1816.5,2023
10/4/2024,RDOR3,,2637.86,10327.52,,,,1026.17,,9164.53,,,3822.19,,,58045.94,-1547.45,2024
10/4/2024,RDOR3,,2467.55,11267.6,,,,1548.15,,11007.32,,,4688.86,,,65847.16,-1621.53,2025
10/4/2024,RDOR3,,2136.13,12766.92,,,,1872.45,,12972.43,,,5706.67,,,75246.4,-1693.08,2026
10/4/2024,RDOR3,,2195.93,14197.37,,,,2116.26,,14765.17,,,7077.6,,,85214.14,-1501.52,2027
10/4/2024,CPLE6,,2206.6,,,,,0.0,,5693.45,,,2327.17,,,,-1204.99,2023
10/4/2024,CPLE6,,2356.1,,,,,1883.34,,5673.02,,,2366.68,,,,-1104.93,2024
10/4/2024,CPLE6,,2493.78,,,,,1074.67,,6184.49,,,2149.34,,,,-1858.0,2025
10/4/2024,CPLE6,,1713.13,,,,,2303.11,,7004.81,,,2709.54,,,,-1881.12,2026
10/4/2024,CPLE6,,2369.92,,,,,3065.72,,7836.67,,,3606.73,,,,-1464.29,2027
10/4/2024,SBSP3,,6397.32,1928.34,,,,0.0,,9512.64,,,3899.6,,29857.38,19971.72,-1592.0,2023
10/4/2024,SBSP3,,5953.0,2026.97,,,,1120.83,,11496.33,,,4894.94,,33507.9,21800.77,-1654.23,2024
10/4/2024,SBSP3,,13710.46,2352.16,,,,1435.4,,13599.42,,,5921.38,,38302.12,22634.03,-2186.92,2025
10/4/2024,SBSP3,,14245.16,2768.69,,,,3320.98,,15868.47,,,7204.67,,42506.07,25049.87,-2847.42,2026
10/4/2024,SBSP3,,14800.72,3237.41,,,,3773.11,,18442.02,,,8195.84,,47261.55,28022.04,-3647.48,2027
10/8/2024,EQTL3,,7884.68,,,,39784.6,0.0,,9522.0,,,1579.76,4.18,,,,2023
10/8/2024,EQTL3,,7163.24,,,,41334.0,531.89,,11026.46,,,2754.44,3.75,,,,2024
10/8/2024,EQTL3,,6838.86,,,,42886.97,636.78,,12453.25,,,3158.97,3.44,,,,2025
10/8/2024,EQTL3,,6947.25,,,,43758.95,1173.92,,13432.3,,,4359.99,3.26,,,,2026
10/8/2024,EQTL3,,7375.8,,,,43797.42,1217.46,,14262.29,,,4714.78,3.07,,,,2027
10/8/2024,GGPS3,3164.0,141.92,3045.0,4061.33,,,176.0,1139.44,1230.65,-9.0,,631.26,,2988.0,10632.0,-222.5,2023
10/8/2024,GGPS3,4402.63,168.15,3924.54,5186.21,,,178.08,1138.12,1528.24,2511.83,,721.4,,3573.4,14607.0,-264.43,2024
10/8/2024,GGPS3,4474.35,517.38,4336.16,5919.1,,,250.95,1455.51,1901.17,890.6,,967.2,,4336.4,17694.73,-188.07,2025
10/8/2024,GGPS3,4835.56,876.77,4896.82,6284.38,,,320.9,1746.45,2262.02,689.36,,1220.87,,5312.07,20470.31,-125.73,2026
10/8/2024,HAPV3,,440.72,3129.22,16617.57,,,0.0,,2935.43,,,345.29,,49093.56,27383.41,-1354.87,2023
10/8/2024,HAPV3,,789.9,3265.4,15616.35,,,138.73,,4180.52,,,1535.12,,49414.61,29103.79,-1006.16,2024
10/8/2024,HAPV3,,1120.0,3605.9,15458.78,,,494.21,,4962.39,,,2119.56,,50321.81,32091.72,-1101.1,2025
10/8/2024,HAPV3,,1200.0,3969.69,15782.2,,,1819.68,,5734.6,,,2905.58,,50941.79,35284.6,-939.13,2026
10/8/2024,HAPV3,,1300.0,4385.99,16989.79,,,2960.6,,6447.48,,,3694.71,,51696.53,38938.52,-689.28,2027
10/8/2024,RENT3,60967.0,12188.4,-5290.0,55677.0,-2222.4,,619.13,6853.2,10665.4,0.0,12887.8,2476.51,2.79,25398.0,28891.8,-4024.4,2023
10/8/2024,RENT3,63537.63,6954.98,-1271.35,62266.28,-624.6,,597.4,6111.29,12014.68,0.0,3545.0,1840.01,2.95,26570.19,38970.23,-4158.7,2024
10/8/2024,RENT3,69064.68,8590.76,-1969.6,67095.08,-714.2,,1829.49,10301.68,14940.65,0.0,3063.6,3658.98,2.59,28399.68,44863.02,-5702.54,2025
10/8/2024,RENT3,75408.43,9514.08,-2123.94,73546.57,-734.74,,2415.44,12117.61,17002.19,0.0,4271.77,4830.88,2.51,30815.12,50084.08,-5814.16,2026
10/8/2024,RENT3,82343.75,10420.28,-2251.9,80650.98,-777.4,,3755.23,13693.09,19017.63,0.0,4793.64,5777.28,2.51,32837.17,55293.22,-6035.4,2027
10/8/2024,MELI,1285.0,509.0,-1808.0,,,,0.0,1639.0,2347.0,,,987.0,,3071.0,14473.0,-270.0,2023
10/8/2024,MELI,1379.87,664.21,-3693.48,,,,0.0,2808.9,3378.24,,,2002.63,,5073.63,20591.13,-125.0,2024
10/8/2024,MELI,1508.93,711.58,-4095.63,,,,0.0,3918.86,4501.39,,,2948.37,,8022.0,24440.2,176.09,2025
10/8/2024,MELI,1734.45,842.36,-5298.08,,,,0.0,5518.31,6135.15,,,4098.84,,12120.84,31097.84,174.51,2026
10/8/2024,MELI,2072.29,990.03,-6501.42,,,,0.0,7189.36,7841.54,,,5430.4,,17551.24,37821.77,352.87,2027
10/8/2024,SGML,,,-9.35,,,,,,,33.05,,,0.0,,,-7.05,2023
10/8/2024,SGML,,,14.42,,,,,,,60.1,,,2.55,,,-33.23,2024
10/8/2024,SGML,,108.61,26.58,,,,,,,-61.7,,,1.89,,,-14.8,2025
10/8/2024,SGML,,115.45,50.72,,,,,,,38.03,,,0.53,,,-17.28,2026
10/8/2024,SGML,,20.79,59.28,,,,,,,225.38,,,-0.36,,,-7.02,2027
10/8/2024,RAIL3,,0.0,-330.87,,,,0.0,,,2023.0,,,2.43,,10937.78,-2555.1,2023
10/8/2024,RAIL3,,5825.63,-68.38,,,,0.0,,,2024.0,,,2.01,,13736.71,-2571.2,2024
10/8/2024,RAIL3,,7726.08,-124.24,,,,0.0,,,2025.0,,,2.1,,15029.58,-3040.46,2025
10/8/2024,RAIL3,,7008.17,-120.79,,,,1516.77,,,2026.0,,,2.31,,16192.34,-3387.05,2026
10/8/2024,RAIL3,,7343.81,-120.23,,,,2049.82,,,2027.0,,,2.23,,18442.74,-3696.91,2027
10/8/2024,STNE,10539.8,1210.3,,,,,292.7,,,,,1574.6,,14676.0,12054.9,-3999.4,2023
10/8/2024,STNE,10856.77,1225.05,,,,,236.53,,,,,1972.68,,16327.9,13430.23,-4120.83,2024
10/8/2024,STNE,11214.81,1286.3,,,,,1129.06,,,,,2258.11,,17456.96,16010.49,-6012.27,2025
10/8/2024,STNE,11605.85,1350.62,,,,,1528.39,,,,,3056.79,,18985.35,18327.12,-6597.75,2026
10/8/2024,STNE,12030.31,1418.15,,,,,1865.82,,,,,3731.65,,20851.18,19486.41,-6348.92,2027
10/8/2024,SMFT3,5957.54,1335.52,-189.49,5768.05,,,266.0,,1302.29,,,536.21,1.15,5095.63,4244.74,-145.42,2023
10/8/2024,SMFT3,7440.77,1860.84,-263.83,7176.94,,,207.46,,1751.04,,,530.71,1.55,5419.74,5542.02,-323.83,2024
10/8/2024,SMFT3,8369.26,1914.21,-321.73,8047.53,,,149.75,,2337.01,,,706.7,1.32,5976.69,7063.98,-401.31,2025
10/8/2024,SMFT3,9278.43,2018.11,-376.66,8901.77,,,226.23,,2980.04,,,1054.85,1.04,6805.32,8697.64,-432.99,2026
10/8/2024,SMFT3,9716.55,1652.4,-416.2,9300.34,,,320.07,,3648.42,,,1479.86,0.64,7965.11,10275.03,-400.42,2027
10/8/2024,PRIO3,,-3156.27,322.12,,,,,,,-1907.58,,,0.55,,,-212.7,2023
10/8/2024,PRIO3,,-586.91,329.81,,,,,,,1138.28,,,0.15,,,-152.68,2024
10/8/2024,PRIO3,,-500.0,443.72,,,,,,,1139.62,,,-0.39,,,-61.81,2025
10/8/2024,PRIO3,,-500.0,490.69,,,,,,,1897.45,,,-0.98,,,227.97,2026
10/8/2024,PRIO3,,-299.2,532.79,,,,,,,1921.83,,,-1.52,,,102.78,2027
10/8/2024,RDOR3,,2907.8,9473.63,,,,849.19,,7354.32,,,2322.82,,,52302.78,-1816.5,2023
10/8/2024,RDOR3,,2637.86,10327.52,,,,1026.17,,9164.53,,,3822.19,,,58045.94,-1547.45,2024
10/8/2024,RDOR3,,2467.55,11267.6,,,,1548.15,,11007.32,,,4688.86,,,65847.16,-1621.53,2025
10/8/2024,RDOR3,,2136.13,12766.92,,,,1872.45,,12972.43,,,5706.67,,,75246.4,-1693.08,2026
10/8/2024,RDOR3,,2195.93,14197.37,,,,2116.26,,14765.17,,,7077.6,,,85214.14,-1501.52,2027
10/8/2024,CPLE6,,2206.6,,,,,0.0,,5693.45,,,2327.17,,,,-1204.99,2023
10/8/2024,CPLE6,,2356.1,,,,,1883.34,,5673.02,,,2366.68,,,,-1104.93,2024
10/8/2024,CPLE6,,2493.78,,,,,1074.67,,6184.49,,,2149.34,,,,-1858.0,2025
10/8/2024,CPLE6,,1713.13,,,,,2303.11,,7004.81,,,2709.54,,,,-1881.12,2026
10/8/2024,CPLE6,,2369.92,,,,,3065.72,,7836.67,,,3606.73,,,,-1464.29,2027
10/8/2024,SBSP3,,6397.32,1928.34,,,,0.0,,9512.64,,,3899.6,,29857.38,19971.72,-1592.0,2023
10/8/2024,SBSP3,,5953.0,2026.97,,,,1120.83,,11496.33,,,4894.94,,33507.9,21800.77,-1654.23,2024
10/8/2024,SBSP3,,13710.46,2352.16,,,,1435.4,,13599.42,,,5921.38,,38302.12,22634.03,-2186.92,2025
10/8/2024,SBSP3,,14245.16,2768.69,,,,3320.98,,15868.47,,,7204.67,,42506.07,25049.87,-2847.42,2026
10/8/2024,SBSP3,,14800.72,3237.41,,,,3773.11,,18442.02,,,8195.84,,47261.55,28022.04,-3647.48,2027
10/10/2024,EQTL3,,7884.68,,,,39784.6,0.0,,9522.0,,,1579.76,4.18,,,,2023
10/10/2024,EQTL3,,7163.24,,,,41334.0,531.89,,11026.46,,,2754.44,3.75,,,,2024
10/10/2024,EQTL3,,6838.86,,,,42886.97,636.78,,12453.25,,,3158.97,3.44,,,,2025
10/10/2024,EQTL3,,6947.25,,,,43758.95,1173.92,,13432.3,,,4359.99,3.26,,,,2026
10/10/2024,EQTL3,,7375.8,,,,43797.42,1217.46,,14262.29,,,4714.78,3.07,,,,2027
10/10/2024,GGPS3,3164.0,141.92,3045.0,4061.33,,,176.0,1139.44,1230.65,-9.0,,631.26,,2988.0,10632.0,-222.5,2023
10/10/2024,GGPS3,4402.63,168.15,3924.54,5186.21,,,178.08,1138.12,1528.24,2511.83,,721.4,,3573.4,14607.0,-264.43,2024
10/10/2024,GGPS3,4474.35,517.38,4336.16,5919.1,,,250.95,1455.51,1901.17,890.6,,967.2,,4336.4,17694.73,-188.07,2025
10/10/2024,GGPS3,4835.56,876.77,4896.82,6284.38,,,320.9,1746.45,2262.02,689.36,,1220.87,,5312.07,20470.31,-125.73,2026
10/10/2024,HAPV3,,440.72,3129.22,16617.57,,,0.0,,2935.43,,,345.29,,49093.56,27383.41,-1354.87,2023
10/10/2024,HAPV3,,789.9,3265.4,15616.35,,,138.73,,4180.52,,,1535.12,,49414.61,29103.79,-1006.16,2024
10/10/2024,HAPV3,,1120.0,3605.9,15458.78,,,494.21,,4962.39,,,2119.56,,50321.81,32091.72,-1101.1,2025
10/10/2024,HAPV3,,1200.0,3969.69,15782.2,,,1819.68,,5734.6,,,2905.58,,50941.79,35284.6,-939.13,2026
10/10/2024,HAPV3,,1300.0,4385.99,16989.79,,,2960.6,,6447.48,,,3694.71,,51696.53,38938.52,-689.28,2027
10/10/2024,RENT3,60967.0,12188.4,-5290.0,55677.0,-2222.4,,619.13,6853.2,10665.4,0.0,12887.8,2476.51,2.79,25398.0,28891.8,-4024.4,2023
10/10/2024,RENT3,63537.63,6954.98,-1271.35,62266.28,-624.6,,597.4,6111.29,12014.68,0.0,3545.0,1840.01,2.95,26570.19,38970.23,-4158.7,2024
10/10/2024,RENT3,69064.68,8590.76,-1969.6,67095.08,-714.2,,1829.49,10301.68,14940.65,0.0,3063.6,3658.98,2.59,28399.68,44863.02,-5702.54,2025
10/10/2024,RENT3,75408.43,9514.08,-2123.94,73546.57,-734.74,,2415.44,12117.61,17002.19,0.0,4271.77,4830.88,2.51,30815.12,50084.08,-5814.16,2026
10/10/2024,RENT3,82343.75,10420.28,-2251.9,80650.98,-777.4,,3755.23,13693.09,19017.63,0.0,4793.64,5777.28,2.51,32837.17,55293.22,-6035.4,2027
10/10/2024,MELI,1285.0,509.0,-1808.0,,,,0.0,1639.0,2347.0,,,987.0,,3071.0,14473.0,-270.0,2023
10/10/2024,MELI,1379.87,664.21,-3693.48,,,,0.0,2808.9,3378.24,,,2002.63,,5073.63,20591.13,-125.0,2024
10/10/2024,MELI,1508.93,711.58,-4095.63,,,,0.0,3918.86,4501.39,,,2948.37,,8022.0,24440.2,176.09,2025
10/10/2024,MELI,1734.45,842.36,-5298.08,,,,0.0,5518.31,6135.15,,,4098.84,,12120.84,31097.84,174.51,2026
10/10/2024,MELI,2072.29,990.03,-6501.42,,,,0.0,7189.36,7841.54,,,5430.4,,17551.24,37821.77,352.87,2027
10/10/2024,SGML,,,-9.35,,,,,,,33.05,,,0.0,,,-7.05,2023
10/10/2024,SGML,,,14.42,,,,,,,60.1,,,2.55,,,-33.23,2024
10/10/2024,SGML,,108.61,26.58,,,,,,,-61.7,,,1.89,,,-14.8,2025
10/10/2024,SGML,,115.45,50.72,,,,,,,38.03,,,0.53,,,-17.28,2026
10/10/2024,SGML,,20.79,59.28,,,,,,,225.38,,,-0.36,,,-7.02,2027
10/10/2024,RAIL3,,0.0,-330.87,,,,0.0,,,2023.0,,,2.43,,10937.78,-2555.1,2023
10/10/2024,RAIL3,,5825.63,-62.38,,,,0.0,,,2024.0,,,2.02,,13712.04,-2572.14,2024
10/10/2024,RAIL3,,7726.08,-122.54,,,,0.0,,,2025.0,,,2.1,,15067.84,-3041.27,2025
10/10/2024,RAIL3,,7008.32,-118.33,,,,1518.03,,,2026.0,,,2.31,,16235.22,-3388.59,2026
10/10/2024,RAIL3,,7347.25,-116.89,,,,2062.87,,,2027.0,,,2.23,,18518.7,-3698.4,2027
10/10/2024,STNE,10539.8,1210.3,,,,,292.7,,,,,1574.6,,14676.0,12054.9,-3999.4,2023
10/10/2024,STNE,10856.77,1225.05,,,,,236.53,,,,,1972.68,,16327.9,13430.23,-4120.83,2024
10/10/2024,STNE,11214.81,1286.3,,,,,1129.06,,,,,2258.11,,17456.96,16010.49,-6012.27,2025
10/10/2024,STNE,11605.85,1350.62,,,,,1528.39,,,,,3056.79,,18985.35,18327.12,-6597.75,2026
10/10/2024,STNE,12030.31,1418.15,,,,,1865.82,,,,,3731.65,,20851.18,19486.41,-6348.92,2027
10/10/2024,SMFT3,5957.54,1335.52,-189.49,5768.05,,,266.0,,1302.29,,,536.21,1.15,5095.63,4244.74,-145.42,2023
10/10/2024,SMFT3,7440.77,1860.84,-263.83,7176.94,,,207.46,,1751.04,,,530.71,1.55,5419.74,5542.02,-323.83,2024
10/10/2024,SMFT3,8369.26,1914.21,-321.73,8047.53,,,149.75,,2337.01,,,706.7,1.32,5976.69,7063.98,-401.31,2025
10/10/2024,SMFT3,9278.43,2018.11,-376.66,8901.77,,,226.23,,2980.04,,,1054.85,1.04,6805.32,8697.64,-432.99,2026
10/10/2024,SMFT3,9716.55,1652.4,-416.2,9300.34,,,320.07,,3648.42,,,1479.86,0.64,7965.11,10275.03,-400.42,2027
10/10/2024,PRIO3,,-3156.27,322.12,,,,,,,-1907.58,,,0.55,,,-212.7,2023
10/10/2024,PRIO3,,-586.91,329.81,,,,,,,1138.28,,,0.15,,,-152.68,2024
10/10/2024,PRIO3,,-500.0,443.72,,,,,,,1139.62,,,-0.39,,,-61.81,2025
10/10/2024,PRIO3,,-500.0,490.69,,,,,,,1897.45,,,-0.98,,,227.97,2026
10/10/2024,PRIO3,,-299.2,532.79,,,,,,,1921.83,,,-1.52,,,102.78,2027
10/10/2024,RDOR3,,2907.8,9473.63,,,,849.19,,7354.32,,,2322.82,,,52302.78,-1816.5,2023
10/10/2024,RDOR3,,2637.86,10327.52,,,,1026.17,,9164.53,,,3822.19,,,58045.94,-1547.45,2024
10/10/2024,RDOR3,,2467.55,11267.6,,,,1548.15,,11007.32,,,4688.86,,,65847.16,-1621.53,2025
10/10/2024,RDOR3,,2136.13,12766.92,,,,1872.45,,12972.43,,,5706.67,,,75246.4,-1693.08,2026
10/10/2024,RDOR3,,2195.93,14197.37,,,,2116.26,,14765.17,,,7077.6,,,85214.14,-1501.52,2027
10/10/2024,CPLE6,,2206.6,,,,,0.0,,5693.45,,,2327.17,,,,-1204.99,2023
10/10/2024,CPLE6,,2356.1,,,,,1883.34,,5673.02,,,2366.68,,,,-1104.93,2024
10/10/2024,CPLE6,,2493.78,,,,,1074.67,,6184.49,,,2149.34,,,,-1858.0,2025
10/10/2024,CPLE6,,1713.13,,,,,2303.11,,7004.81,,,2709.54,,,,-1881.12,2026
10/10/2024,CPLE6,,2369.92,,,,,3065.72,,7836.67,,,3606.73,,,,-1464.29,2027
10/10/2024,SBSP3,,6397.32,1928.34,,,,0.0,,9512.64,,,3899.6,,29857.38,19971.72,-1592.0,2023
10/10/2024,SBSP3,,5953.0,2026.97,,,,1120.83,,11496.33,,,4894.94,,33507.9,21800.77,-1654.23,2024
10/10/2024,SBSP3,,13710.46,2352.16,,,,1435.4,,13599.42,,,5921.38,,38302.12,22634.03,-2186.92,2025
10/10/2024,SBSP3,,14245.16,2768.69,,,,3320.98,,15868.47,,,7204.67,,42506.07,25049.87,-2847.42,2026
10/10/2024,SBSP3,,14800.72,3237.41,,,,3773.11,,18442.02,,,8195.84,,47261.55,28022.04,-3647.48,2027
10/11/2024,EQTL3,,7884.68,,,,39784.6,0.0,,9522.0,,,1579.76,4.18,,,,2023
10/11/2024,EQTL3,,7163.24,,,,41334.0,531.89,,11026.46,,,2754.44,3.75,,,,2024
10/11/2024,EQTL3,,6838.86,,,,42886.97,636.78,,12453.25,,,3158.97,3.44,,,,2025
10/11/2024,EQTL3,,6947.25,,,,43758.95,1173.92,,13432.3,,,4359.99,3.26,,,,2026
10/11/2024,EQTL3,,7375.8,,,,43797.42,1217.46,,14262.29,,,4714.78,3.07,,,,2027
10/11/2024,GGPS3,3164.0,141.92,3045.0,4061.33,,,176.0,1139.44,1230.65,-9.0,,631.26,,2988.0,10632.0,-222.5,2023
10/11/2024,GGPS3,4402.63,168.15,3924.54,5186.21,,,178.08,1138.12,1528.24,2511.83,,721.4,,3573.4,14607.0,-264.43,2024
10/11/2024,GGPS3,4474.35,517.38,4336.16,5919.1,,,250.95,1455.51,1901.17,890.6,,967.2,,4336.4,17694.73,-188.07,2025
10/11/2024,GGPS3,4835.56,876.77,4896.82,6284.38,,,320.9,1746.45,2262.02,689.36,,1220.87,,5312.07,20470.31,-125.73,2026
10/11/2024,HAPV3,,440.72,3129.22,16617.57,,,0.0,,2935.43,,,345.29,,49093.56,27383.41,-1354.87,2023
10/11/2024,HAPV3,,789.9,3265.4,15616.35,,,138.73,,4180.52,,,1535.12,,49414.61,29103.79,-1006.16,2024
10/11/2024,HAPV3,,1120.0,3605.9,15458.78,,,494.21,,4962.39,,,2119.56,,50321.81,32091.72,-1101.1,2025
10/11/2024,HAPV3,,1200.0,3969.69,15782.2,,,1819.68,,5734.6,,,2905.58,,50941.79,35284.6,-939.13,2026
10/11/2024,HAPV3,,1300.0,4385.99,16989.79,,,2960.6,,6447.48,,,3694.71,,51696.53,38938.52,-689.28,2027
10/11/2024,RENT3,60967.0,12188.4,-5290.0,55677.0,-2222.4,,619.13,6853.2,10665.4,0.0,12887.8,2476.51,2.79,25398.0,28891.8,-4024.4,2023
10/11/2024,RENT3,63537.63,6954.98,-1271.35,62266.28,-624.6,,597.4,6111.29,12014.68,0.0,3545.0,1840.01,2.95,26570.19,38970.23,-4158.7,2024
10/11/2024,RENT3,69064.68,8590.76,-1969.6,67095.08,-714.2,,1829.49,10301.68,14940.65,0.0,3063.6,3658.98,2.59,28399.68,44863.02,-5702.54,2025
10/11/2024,RENT3,75408.43,9514.08,-2123.94,73546.57,-734.74,,2415.44,12117.61,17002.19,0.0,4271.77,4830.88,2.51,30815.12,50084.08,-5814.16,2026
10/11/2024,RENT3,82343.75,10420.28,-2251.9,80650.98,-777.4,,3755.23,13693.09,19017.63,0.0,4793.64,5777.28,2.51,32837.17,55293.22,-6035.4,2027
10/11/2024,MELI,1285.0,509.0,-1808.0,,,,0.0,1639.0,2347.0,,,987.0,,3071.0,14473.0,-270.0,2023
10/11/2024,MELI,1379.87,664.21,-3693.48,,,,0.0,2808.9,3378.24,,,2002.63,,5073.63,20591.13,-125.0,2024
10/11/2024,MELI,1508.93,711.58,-4095.63,,,,0.0,3918.86,4501.39,,,2948.37,,8022.0,24440.2,176.09,2025
10/11/2024,MELI,1734.45,842.36,-5298.08,,,,0.0,5518.31,6135.15,,,4098.84,,12120.84,31097.84,174.51,2026
10/11/2024,MELI,2072.29,990.03,-6501.42,,,,0.0,7189.36,7841.54,,,5430.4,,17551.24,37821.77,352.87,2027
10/11/2024,SGML,,,-9.35,,,,,,,33.05,,,0.0,,,-7.05,2023
10/11/2024,SGML,,,14.42,,,,,,,60.1,,,2.55,,,-33.23,2024
10/11/2024,SGML,,108.61,26.58,,,,,,,-61.7,,,1.89,,,-14.8,2025
10/11/2024,SGML,,115.45,50.72,,,,,,,38.03,,,0.53,,,-17.28,2026
10/11/2024,SGML,,20.79,59.28,,,,,,,225.38,,,-0.36,,,-7.02,2027
10/11/2024,RAIL3,,0.0,-330.87,,,,0.0,,,2023.0,,,2.43,,10937.78,-2555.1,2023
10/11/2024,RAIL3,,5825.63,-62.38,,,,0.0,,,2024.0,,,2.02,,13712.04,-2572.14,2024
10/11/2024,RAIL3,,7726.08,-122.54,,,,0.0,,,2025.0,,,2.1,,15067.84,-3041.27,2025
10/11/2024,RAIL3,,7008.32,-118.33,,,,1518.03,,,2026.0,,,2.31,,16235.22,-3388.59,2026
10/11/2024,RAIL3,,7347.25,-116.89,,,,2062.87,,,2027.0,,,2.23,,18518.7,-3698.4,2027
10/11/2024,STNE,10539.8,1210.3,,,,,292.7,,,,,1574.6,,14676.0,12054.9,-3999.4,2023
10/11/2024,STNE,10856.77,1225.05,,,,,236.53,,,,,1972.68,,16327.9,13430.23,-4120.83,2024
10/11/2024,STNE,11214.81,1286.3,,,,,1129.06,,,,,2258.11,,17456.96,16010.49,-6012.27,2025
10/11/2024,STNE,11605.85,1350.62,,,,,1528.39,,,,,3056.79,,18985.35,18327.12,-6597.75,2026
10/11/2024,STNE,12030.31,1418.15,,,,,1865.82,,,,,3731.65,,20851.18,19486.41,-6348.92,2027
10/11/2024,SMFT3,5957.54,1335.52,-189.49,5768.05,,,266.0,,1302.29,,,536.21,1.15,5095.63,4244.74,-145.42,2023
10/11/2024,SMFT3,7440.77,1860.84,-263.83,7176.94,,,207.46,,1751.04,,,530.71,1.55,5419.74,5542.02,-323.83,2024
10/11/2024,SMFT3,8369.26,1914.21,-321.73,8047.53,,,149.75,,2337.01,,,706.7,1.32,5976.69,7063.98,-401.31,2025
10/11/2024,SMFT3,9278.43,2018.11,-376.66,8901.77,,,226.23,,2980.04,,,1054.85,1.04,6805.32,8697.64,-432.99,2026
10/11/2024,SMFT3,9716.55,1652.4,-416.2,9300.34,,,320.07,,3648.42,,,1479.86,0.64,7965.11,10275.03,-400.42,2027
10/11/2024,PRIO3,,-3156.27,322.12,,,,,,,-1907.58,,,0.55,,,-212.7,2023
10/11/2024,PRIO3,,-586.91,329.81,,,,,,,1138.28,,,0.15,,,-152.68,2024
10/11/2024,PRIO3,,-500.0,443.72,,,,,,,1139.62,,,-0.39,,,-61.81,2025
10/11/2024,PRIO3,,-500.0,490.69,,,,,,,1897.45,,,-0.98,,,227.97,2026
10/11/2024,PRIO3,,-299.2,532.79,,,,,,,1921.83,,,-1.52,,,102.78,2027
10/11/2024,RDOR3,,2907.8,9473.63,,,,849.19,,7354.32,,,2322.82,,,52302.78,-1816.5,2023
10/11/2024,RDOR3,,2546.86,10251.03,,,,1022.3,,9094.16,,,3778.92,,,57767.08,-1538.22,2024
10/11/2024,RDOR3,,2287.24,11191.62,,,,1530.79,,10937.63,,,4668.85,,,65573.33,-1597.59,2025
10/11/2024,RDOR3,,2134.38,12686.5,,,,1868.5,,12897.59,,,5698.38,,,74954.79,-1657.24,2026
10/11/2024,RDOR3,,2194.06,14112.22,,,,2113.17,,14684.76,,,7059.99,,,84902.07,-1471.73,2027
10/11/2024,CPLE6,,2206.6,,,,,0.0,,5693.45,,,2327.17,,,,-1204.99,2023
10/11/2024,CPLE6,,2356.1,,,,,1883.34,,5673.02,,,2366.68,,,,-1104.93,2024
10/11/2024,CPLE6,,2493.78,,,,,1074.67,,6184.49,,,2149.34,,,,-1858.0,2025
10/11/2024,CPLE6,,1713.13,,,,,2303.11,,7004.81,,,2709.54,,,,-1881.12,2026
10/11/2024,CPLE6,,2369.92,,,,,3065.72,,7836.67,,,3606.73,,,,-1464.29,2027
10/11/2024,SBSP3,,6397.32,1928.34,,,,0.0,,9512.64,,,3899.6,,29857.38,19971.72,-1592.0,2023
10/11/2024,SBSP3,,5953.0,2026.97,,,,1120.83,,11496.33,,,4894.94,,33507.9,21800.77,-1654.23,2024
10/11/2024,SBSP3,,13710.46,2352.16,,,,1435.4,,13599.42,,,5921.38,,38302.12,22634.03,-2186.92,2025
10/11/2024,SBSP3,,14245.16,2768.69,,,,3320.98,,15868.47,,,7204.67,,42506.07,25049.87,-2847.42,2026
10/11/2024,SBSP3,,14800.72,3237.41,,,,3773.11,,18442.02,,,8195.84,,47261.55,28022.04,-3647.48,2027
